date,trade_date,usd,gbp,eur,jpy
2010-01-01,01-Jan-2010,46.65,,,
2010-01-04,04-Jan-2010,46.51,,,
2010-01-05,05-Jan-2010,46.2,,,
2010-01-06,06-Jan-2010,46.12,,,
2010-01-07,07-Jan-2010,45.87,,,
2010-01-08,08-Jan-2010,45.8,,,
2010-01-11,11-Jan-2010,45.36,,,
2010-01-12,12-Jan-2010,45.4,,,
2010-01-13,13-Jan-2010,45.68,,,
2010-01-14,14-Jan-2010,45.48,,,
2010-01-15,15-Jan-2010,45.67,,,
2010-01-18,18-Jan-2010,45.66,,,
2010-01-19,19-Jan-2010,45.62,,,
2010-01-20,20-Jan-2010,45.95,,,
2010-01-21,21-Jan-2010,45.97,,,
2010-01-22,22-Jan-2010,46.17,,,
2010-01-25,25-Jan-2010,46.18,,,
2010-01-27,27-Jan-2010,46.29,,,
2010-01-28,28-Jan-2010,46.31,,,
2010-01-29,29-Jan-2010,46.37,74.7832,64.63,51.59
2010-02-01,01-Feb-2010,46.34,73.9077,64.32,51.37
2010-02-02,02-Feb-2010,46.25,73.7757,64.39,50.96
2010-02-03,03-Feb-2010,46.04,73.7906,64.33,50.88
2010-02-04,04-Feb-2010,46.09,73.2209,63.96,50.65
2010-02-05,05-Feb-2010,46.56,73.2086,63.85,51.89
2010-02-08,08-Feb-2010,46.81,72.9019,63.8,52.39
2010-02-09,09-Feb-2010,46.68,72.9398,63.94,52.2
2010-02-10,10-Feb-2010,46.56,72.9875,64.07,51.94
2010-02-11,11-Feb-2010,46.46,72.6541,64.02,51.66
2010-02-15,15-Feb-2010,46.38,72.5708,63.0,51.46
2010-02-16,16-Feb-2010,46.18,72.4841,62.98,51.41
2010-02-17,17-Feb-2010,46.02,72.6012,63.36,50.94
2010-02-18,18-Feb-2010,46.22,72.3643,62.76,50.86
2010-02-19,19-Feb-2010,46.47,71.5034,62.56,50.55
2010-02-22,22-Feb-2010,46.16,71.4211,62.92,50.34
2010-02-23,23-Feb-2010,46.13,71.5891,62.84,50.63
2010-02-24,24-Feb-2010,46.25,71.4724,62.63,51.27
2010-02-25,25-Feb-2010,46.36,71.0467,62.42,51.82
2010-02-26,26-Feb-2010,46.23,70.6579,62.81,51.73
2010-03-02,02-Mar-2010,46.02,68.7217,62.31,51.51
2010-03-03,03-Mar-2010,45.9,68.9418,62.58,51.65
2010-03-04,04-Mar-2010,45.82,68.9866,62.61,51.9
2010-03-05,05-Mar-2010,45.78,68.8348,62.15,51.25
2010-03-08,08-Mar-2010,45.43,68.8424,62.12,50.24
2010-03-09,09-Mar-2010,45.54,68.4239,62.01,50.59
2010-03-10,10-Mar-2010,45.41,68.006,61.75,50.42
2010-03-11,11-Mar-2010,45.47,68.0891,62.02,50.31
2010-03-12,12-Mar-2010,45.45,68.4886,62.27,50.14
2010-03-15,15-Mar-2010,45.58,69.0993,62.59,50.31
2010-03-17,17-Mar-2010,45.41,69.0981,62.55,50.13
2010-03-18,18-Mar-2010,45.49,69.577,62.22,50.46
2010-03-19,19-Mar-2010,45.48,69.0932,61.89,50.28
2010-03-22,22-Mar-2010,45.49,68.028,61.45,50.28
2010-03-23,23-Mar-2010,45.56,68.6771,61.6,50.43
2010-03-25,25-Mar-2010,45.63,67.8906,60.71,49.57
2010-03-26,26-Mar-2010,45.34,67.4296,60.52,49.01
2010-03-29,29-Mar-2010,45.08,67.4059,60.61,48.68
2010-03-30,30-Mar-2010,44.94,67.6369,60.76,48.58
2010-03-31,31-Mar-2010,45.14,68.0328,60.56,48.44
2010-04-05,05-Apr-2010,44.73,68.1685,60.29,47.3
2010-04-06,06-Apr-2010,44.45,67.6596,59.67,47.28
2010-04-07,07-Apr-2010,44.42,67.756,59.39,47.28
2010-04-08,08-Apr-2010,44.35,67.8444,59.3,47.35
2010-04-12,12-Apr-2010,44.35,67.5008,60.5,47.57
2010-04-13,13-Apr-2010,44.62,68.6055,60.63,48.06
2010-04-15,15-Apr-2010,44.38,68.8178,60.53,47.57
2010-04-16,16-Apr-2010,44.49,68.5457,60.16,48.03
2010-04-19,19-Apr-2010,44.6,68.0306,60.05,48.49
2010-04-20,20-Apr-2010,44.61,68.2332,60.01,48.17
2010-04-21,21-Apr-2010,44.41,68.3648,59.67,47.6
2010-04-22,22-Apr-2010,44.45,68.7219,59.57,47.75
2010-04-23,23-Apr-2010,44.54,68.2642,58.91,47.67
2010-04-26,26-Apr-2010,44.33,68.399,59.19,47.02
2010-04-27,27-Apr-2010,44.45,68.6397,59.43,47.38
2010-04-28,28-Apr-2010,44.6,68.0797,58.9,47.78
2010-04-29,29-Apr-2010,44.57,67.6706,58.88,47.42
2010-04-30,30-Apr-2010,44.44,68.3132,58.94,47.25
2010-05-03,03-May-2010,44.56,67.9473,59.0,47.38
2010-05-04,04-May-2010,44.56,67.8872,58.72,46.93
2010-05-05,05-May-2010,44.87,68.0364,58.27,47.34
2010-05-06,06-May-2010,45.4,68.4337,57.91,48.4
2010-05-07,07-May-2010,45.58,67.0505,57.81,49.52
2010-05-10,10-May-2010,44.96,66.86,58.34,48.36
2010-05-11,11-May-2010,45.14,66.6808,57.28,48.81
2010-05-12,12-May-2010,45.33,67.5213,57.28,48.93
2010-05-13,13-May-2010,44.99,66.9091,56.98,48.18
2010-05-14,14-May-2010,45.1,65.6859,56.57,48.59
2010-05-17,17-May-2010,45.72,65.6471,56.19,49.66
2010-05-18,18-May-2010,45.55,65.9268,56.37,49.16
2010-05-19,19-May-2010,46.0,65.8743,56.07,50.0
2010-05-20,20-May-2010,46.75,66.9998,57.69,51.36
2010-05-21,21-May-2010,46.95,67.6643,59.03,52.06
2010-05-24,24-May-2010,46.67,67.6435,58.38,51.65
2010-05-25,25-May-2010,47.4,67.9621,58.19,52.82
2010-05-26,26-May-2010,47.57,68.3843,58.43,52.71
2010-05-28,28-May-2010,46.54,67.7809,57.38,51.05
2010-05-31,31-May-2010,46.45,67.3293,57.17,50.78
2010-06-01,01-Jun-2010,46.69,67.7379,57.26,51.21
2010-06-02,02-Jun-2010,47.19,69.4826,57.59,51.61
2010-06-04,04-Jun-2010,46.67,68.3365,56.85,50.36
2010-06-07,07-Jun-2010,47.28,68.2369,56.38,51.87
2010-06-08,08-Jun-2010,46.95,68.0517,56.13,51.12
2010-06-09,09-Jun-2010,46.98,67.9025,56.2,51.38
2010-06-10,10-Jun-2010,46.98,68.4663,56.58,51.61
2010-06-11,11-Jun-2010,46.82,68.9729,56.66,51.14
2010-06-14,14-Jun-2010,46.57,68.2344,56.81,50.66
2010-06-15,15-Jun-2010,46.73,68.6791,56.92,51.25
2010-06-16,16-Jun-2010,46.35,68.6745,57.16,50.61
2010-06-17,17-Jun-2010,46.5,68.3643,57.09,50.92
2010-06-18,18-Jun-2010,46.14,68.4671,57.18,50.82
2010-06-21,21-Jun-2010,45.64,68.0607,56.83,50.29
2010-06-22,22-Jun-2010,46.04,67.863,56.67,50.73
2010-06-23,23-Jun-2010,46.31,68.687,56.85,51.23
2010-06-24,24-Jun-2010,46.24,69.2629,57.05,51.48
2010-06-25,25-Jun-2010,46.54,69.6331,57.39,51.99
2010-06-28,28-Jun-2010,46.16,69.3692,57.03,51.64
2010-06-29,29-Jun-2010,46.52,70.0824,56.93,52.37
2010-06-30,30-Jun-2010,46.6,70.0724,56.94,52.61
2010-07-01,01-Jul-2010,46.68,69.5812,56.99,52.83
2010-07-02,02-Jul-2010,46.68,70.7879,58.29,53.03
2010-07-05,05-Jul-2010,46.69,70.9244,58.57,53.1
2010-07-06,06-Jul-2010,46.8,71.0073,58.77,53.33
2010-07-07,07-Jul-2010,47.08,71.2085,59.27,53.94
2010-07-08,08-Jul-2010,46.85,71.3666,59.32,53.05
2010-07-09,09-Jul-2010,46.75,70.9221,59.36,52.81
2010-07-12,12-Jul-2010,46.73,69.9408,58.8,52.63
2010-07-13,13-Jul-2010,46.93,70.3082,58.9,52.95
2010-07-14,14-Jul-2010,46.63,70.9219,59.29,52.43
2010-07-15,15-Jul-2010,46.74,71.3089,59.47,53.06
2010-07-16,16-Jul-2010,46.8,72.0814,60.37,53.66
2010-07-19,19-Jul-2010,47.08,71.9335,60.62,54.36
2010-07-20,20-Jul-2010,47.1,72.0489,61.29,54.14
2010-07-21,21-Jul-2010,47.25,72.3209,60.98,54.2
2010-07-22,22-Jul-2010,47.33,71.7546,60.38,54.78
2010-07-23,23-Jul-2010,47.0,71.8795,60.53,53.97
2010-07-26,26-Jul-2010,46.86,72.5205,60.64,53.59
2010-07-27,27-Jul-2010,46.76,72.5715,60.8,53.75
2010-07-28,28-Jul-2010,46.57,72.6678,60.62,53.01
2010-07-29,29-Jul-2010,46.63,72.8687,60.74,53.39
2010-07-30,30-Jul-2010,46.46,72.5357,60.73,53.7
2010-08-02,02-Aug-2010,46.19,72.7377,60.42,53.34
2010-08-03,03-Aug-2010,46.22,73.4574,60.81,53.43
2010-08-04,04-Aug-2010,46.22,73.6862,61.07,54.06
2010-08-05,05-Aug-2010,46.23,73.4595,60.8,53.67
2010-08-06,06-Aug-2010,46.02,73.2086,60.7,53.42
2010-08-09,09-Aug-2010,46.07,73.659,61.26,53.85
2010-08-10,10-Aug-2010,46.3,73.1586,60.93,53.93
2010-08-11,11-Aug-2010,46.54,73.4262,60.78,54.54
2010-08-12,12-Aug-2010,46.94,73.67,60.54,55.0
2010-08-13,13-Aug-2010,46.58,72.7906,60.05,54.1
2010-08-16,16-Aug-2010,46.78,73.0938,59.87,54.49
2010-08-17,17-Aug-2010,46.68,73.1476,59.98,54.74
2010-08-18,18-Aug-2010,46.64,72.4179,59.88,54.55
2010-08-20,20-Aug-2010,46.58,72.3993,59.66,54.58
2010-08-23,23-Aug-2010,46.61,72.5974,59.28,54.58
2010-08-24,24-Aug-2010,46.79,72.2157,59.19,55.08
2010-08-25,25-Aug-2010,46.93,72.3262,59.35,55.66
2010-08-26,26-Aug-2010,46.81,72.8574,59.45,55.25
2010-08-27,27-Aug-2010,46.86,72.6681,59.59,55.31
2010-08-30,30-Aug-2010,46.84,72.7777,59.67,55.13
2010-08-31,31-Aug-2010,47.08,72.635,59.5,55.96
2010-09-01,01-Sep-2010,46.87,72.222,59.6,55.53
2010-09-02,02-Sep-2010,46.78,72.1418,59.94,55.57
2010-09-03,03-Sep-2010,46.67,71.9861,59.82,55.4
2010-09-06,06-Sep-2010,46.48,71.958,60.01,55.12
2010-09-07,07-Sep-2010,46.71,71.7816,59.76,55.59
2010-09-08,08-Sep-2010,46.7,71.8806,59.43,55.89
2010-09-09,09-Sep-2010,46.56,71.8374,59.11,55.65
2010-09-13,13-Sep-2010,46.31,71.674,59.39,55.23
2010-09-14,14-Sep-2010,46.37,71.229,59.63,55.47
2010-09-15,15-Sep-2010,46.37,71.8387,60.17,54.65
2010-09-16,16-Sep-2010,46.3,72.1933,60.14,54.25
2010-09-17,17-Sep-2010,45.97,72.166,60.34,53.65
2010-09-20,20-Sep-2010,45.61,71.4093,59.63,53.23
2010-09-21,21-Sep-2010,45.73,71.2405,59.84,53.44
2010-09-22,22-Sep-2010,45.53,71.432,60.58,53.6
2010-09-23,23-Sep-2010,45.59,71.4236,61.1,53.9
2010-09-24,24-Sep-2010,45.54,71.3976,60.75,53.79
2010-09-27,27-Sep-2010,45.04,71.2961,60.62,53.46
2010-09-28,28-Sep-2010,45.13,71.3099,60.66,53.59
2010-09-29,29-Sep-2010,44.92,71.1421,61.0,53.7
2010-10-01,01-Oct-2010,44.68,70.2079,60.96,53.53
2010-10-04,04-Oct-2010,44.37,70.0891,61.13,53.25
2010-10-05,05-Oct-2010,44.72,70.7292,61.34,53.43
2010-10-06,06-Oct-2010,44.3,70.4592,61.34,53.26
2010-10-07,07-Oct-2010,44.28,70.3211,61.7,53.46
2010-10-08,08-Oct-2010,44.38,70.3711,61.8,53.87
2010-10-11,11-Oct-2010,44.3,70.6031,61.93,54.05
2010-10-12,12-Oct-2010,44.74,70.989,61.81,54.68
2010-10-13,13-Oct-2010,44.5,70.4969,62.09,54.37
2010-10-14,14-Oct-2010,44.18,70.6504,62.25,54.41
2010-10-15,15-Oct-2010,44.03,70.5471,61.95,54.24
2010-10-18,18-Oct-2010,44.26,70.4,61.45,54.52
2010-10-19,19-Oct-2010,44.46,70.5069,61.85,54.6
2010-10-20,20-Oct-2010,44.29,69.6726,61.05,54.47
2010-10-21,21-Oct-2010,44.36,70.1842,61.95,54.78
2010-10-22,22-Oct-2010,44.46,69.9845,62.07,54.84
2010-10-25,25-Oct-2010,44.36,69.9225,62.33,54.94
2010-10-26,26-Oct-2010,44.43,70.1017,62.07,55.03
2010-10-27,27-Oct-2010,44.52,70.4663,61.47,54.5
2010-10-28,28-Oct-2010,44.49,70.401,61.56,54.6
2010-10-29,29-Oct-2010,44.54,70.9255,61.81,55.21
2010-11-01,01-Nov-2010,44.42,71.4052,62.16,55.22
2010-11-02,02-Nov-2010,44.43,71.3724,61.92,55.16
2010-11-03,03-Nov-2010,44.36,71.098,62.11,55.0
2010-11-04,04-Nov-2010,44.32,71.4616,62.59,54.84
2010-11-08,08-Nov-2010,44.26,71.4224,61.81,54.49
2010-11-09,09-Nov-2010,44.4,71.5906,61.58,54.89
2010-11-10,10-Nov-2010,44.39,71.0329,61.11,54.25
2010-11-11,11-Nov-2010,44.25,71.4372,60.96,53.81
2010-11-12,12-Nov-2010,44.64,71.6293,60.73,54.2
2010-11-15,15-Nov-2010,45.14,72.7386,61.74,54.43
2010-11-16,16-Nov-2010,45.22,72.5442,61.55,54.52
2010-11-18,18-Nov-2010,45.45,72.395,61.8,54.64
2010-11-19,19-Nov-2010,45.26,72.6016,61.78,54.25
2010-11-22,22-Nov-2010,45.29,72.5433,62.27,54.28
2010-11-23,23-Nov-2010,45.61,72.5518,61.8,54.5
2010-11-24,24-Nov-2010,45.66,72.177,61.12,54.9
2010-11-25,25-Nov-2010,45.64,71.9127,60.81,54.68
2010-11-26,26-Nov-2010,45.74,71.8873,60.84,54.54
2010-11-29,29-Nov-2010,45.81,71.5186,60.66,54.5
2010-11-30,30-Nov-2010,46.04,71.6106,60.36,54.77
2010-12-01,01-Dec-2010,45.7,71.1869,59.53,54.75
2010-12-02,02-Dec-2010,45.37,70.877,59.52,53.94
2010-12-03,03-Dec-2010,45.09,70.4712,59.63,53.94
2010-12-06,06-Dec-2010,44.85,70.6163,59.92,54.13
2010-12-07,07-Dec-2010,44.84,70.614,59.72,54.27
2010-12-08,08-Dec-2010,45.12,70.8091,59.63,53.73
2010-12-09,09-Dec-2010,45.17,71.4793,60.04,53.81
2010-12-10,10-Dec-2010,45.22,71.4114,59.99,54.03
2010-12-13,13-Dec-2010,45.25,71.4181,59.69,53.79
2010-12-14,14-Dec-2010,45.01,71.4151,60.31,53.94
2010-12-15,15-Dec-2010,45.32,71.2362,60.27,54.04
2010-12-16,16-Dec-2010,45.39,70.6632,60.05,53.89
2010-12-20,20-Dec-2010,45.38,70.4252,59.77,54.1
2010-12-21,21-Dec-2010,45.26,70.3884,59.61,54.08
2010-12-22,22-Dec-2010,45.13,69.9019,59.32,53.89
2010-12-23,23-Dec-2010,45.02,69.4208,59.12,54.16
2010-12-24,24-Dec-2010,45.23,69.9256,59.34,54.5
2010-12-27,27-Dec-2010,45.15,69.7071,59.32,54.55
2010-12-28,28-Dec-2010,45.17,69.887,59.75,54.8
2010-12-29,29-Dec-2010,45.12,69.4284,59.22,54.87
2010-12-30,30-Dec-2010,44.9,69.6938,59.47,55.16
2010-12-31,31-Dec-2010,44.81,69.2852,59.81,55.06
2011-01-03,03-Jan-2011,44.67,69.4484,59.37,54.97
2011-01-04,04-Jan-2011,44.84,69.3249,59.79,54.56
2011-01-05,05-Jan-2011,45.2,70.2724,59.99,55.09
2011-01-06,06-Jan-2011,45.31,70.2645,59.56,54.48
2011-01-07,07-Jan-2011,45.37,70.0377,58.93,54.34
2011-01-10,10-Jan-2011,45.44,70.6115,58.63,54.68
2011-01-11,11-Jan-2011,45.32,70.5428,58.7,54.57
2011-01-12,12-Jan-2011,45.16,70.6438,58.68,54.34
2011-01-13,13-Jan-2011,45.13,71.0549,59.1,54.33
2011-01-14,14-Jan-2011,45.3,71.7326,60.4,54.84
2011-01-17,17-Jan-2011,45.59,72.3126,60.73,54.99
2011-01-18,18-Jan-2011,45.53,72.5566,60.62,55.18
2011-01-19,19-Jan-2011,45.38,72.7124,61.15,55.15
2011-01-20,20-Jan-2011,45.58,72.732,61.45,55.53
2011-01-21,21-Jan-2011,45.7,72.7818,61.65,55.14
2011-01-24,24-Jan-2011,45.58,72.7913,62.01,55.08
2011-01-25,25-Jan-2011,45.53,72.7797,62.14,55.24
2011-01-27,27-Jan-2011,45.57,72.5019,62.46,55.44
2011-01-28,28-Jan-2011,45.74,72.7312,62.73,55.34
2011-01-31,31-Jan-2011,45.95,72.9525,62.54,56.02
2011-02-01,01-Feb-2011,45.81,73.5892,62.84,55.95
2011-02-02,02-Feb-2011,45.63,73.7267,63.16,55.99
2011-02-03,03-Feb-2011,45.63,73.8932,62.96,55.9
2011-02-04,04-Feb-2011,45.64,73.6698,62.24,55.91
2011-02-07,07-Feb-2011,45.59,73.5845,62.04,55.44
2011-02-08,08-Feb-2011,45.39,73.3094,61.84,55.17
2011-02-09,09-Feb-2011,45.33,72.8906,61.86,55.03
2011-02-10,10-Feb-2011,45.58,73.3656,62.41,55.19
2011-02-11,11-Feb-2011,45.76,73.3899,62.02,54.79
2011-02-14,14-Feb-2011,45.5,73.0685,61.63,54.69
2011-02-15,15-Feb-2011,45.45,72.9086,61.43,54.43
2011-02-17,17-Feb-2011,45.38,73.0845,61.6,54.28
2011-02-18,18-Feb-2011,45.18,73.0402,61.43,54.25
2011-02-21,21-Feb-2011,45.11,73.2519,61.7,54.24
2011-02-22,22-Feb-2011,45.2,73.0703,61.41,54.25
2011-02-23,23-Feb-2011,45.2,73.1675,61.88,54.68
2011-02-24,24-Feb-2011,45.37,73.5425,62.39,55.28
2011-02-25,25-Feb-2011,45.37,73.2499,62.68,55.34
2011-02-28,28-Feb-2011,45.18,77.7872,62.15,55.32
2011-03-01,01-Mar-2011,45.12,73.4305,62.32,54.91
2011-03-03,03-Mar-2011,44.96,73.3747,62.33,54.93
2011-03-04,04-Mar-2011,44.99,73.2392,62.8,54.64
2011-03-07,07-Mar-2011,45.13,73.3588,63.06,54.84
2011-03-08,08-Mar-2011,45.03,72.9756,62.94,54.68
2011-03-09,09-Mar-2011,45.02,72.7028,62.54,54.31
2011-03-10,10-Mar-2011,45.11,72.9068,62.56,54.44
2011-03-11,11-Mar-2011,45.21,72.5462,62.43,54.33
2011-03-14,14-Mar-2011,45.15,72.5877,62.95,55.0
2011-03-15,15-Mar-2011,45.27,72.9481,63.08,55.36
2011-03-16,16-Mar-2011,45.18,72.5862,63.13,55.92
2011-03-17,17-Mar-2011,45.24,72.5672,63.0,57.14
2011-03-18,18-Mar-2011,45.09,72.8226,63.43,55.19
2011-03-21,21-Mar-2011,45.05,73.0508,63.81,55.65
2011-03-22,22-Mar-2011,44.97,73.3461,63.98,55.59
2011-03-23,23-Mar-2011,44.96,73.5658,63.68,55.6
2011-03-24,24-Mar-2011,44.77,72.6617,63.06,55.3
2011-03-25,25-Mar-2011,44.65,71.9111,63.28,55.14
2011-03-28,28-Mar-2011,44.78,71.639,62.96,55.81
2011-03-29,29-Mar-2011,44.67,71.6283,63.09,54.7
2011-03-30,30-Mar-2011,44.77,71.6947,63.02,54.01
2011-03-31,31-Mar-2011,44.65,71.9289,63.24,54.02
2011-04-05,05-Apr-2011,44.45,71.5889,63.01,52.69
2011-04-06,06-Apr-2011,44.2,72.2493,63.09,51.85
2011-04-07,07-Apr-2011,44.22,71.9703,63.23,51.86
2011-04-08,08-Apr-2011,44.04,72.197,63.4,51.75
2011-04-11,11-Apr-2011,44.2,72.2626,63.9,52.14
2011-04-13,13-Apr-2011,44.48,72.3667,64.42,52.9
2011-04-15,15-Apr-2011,44.52,72.7167,64.41,53.48
2011-04-18,18-Apr-2011,44.27,72.0782,63.66,53.4
2011-04-19,19-Apr-2011,44.68,72.5603,63.53,54.18
2011-04-20,20-Apr-2011,44.38,72.5569,63.92,53.54
2011-04-21,21-Apr-2011,44.3,72.9244,64.69,54.0
2011-04-25,25-Apr-2011,44.45,73.3536,64.78,54.07
2011-04-26,26-Apr-2011,44.59,73.4397,64.81,54.56
2011-04-27,27-Apr-2011,44.4,73.26,65.17,54.29
2011-04-28,28-Apr-2011,44.33,74.1397,65.78,54.24
2011-04-29,29-Apr-2011,44.38,73.8794,65.83,54.42
2011-05-02,02-May-2011,44.3,73.899,65.57,54.37
2011-05-03,03-May-2011,44.34,73.6953,65.75,54.76
2011-05-04,04-May-2011,44.59,73.4219,66.04,55.09
2011-05-05,05-May-2011,44.57,73.5828,66.23,55.48
2011-05-06,06-May-2011,44.78,73.428,65.27,55.29
2011-05-09,09-May-2011,44.7,73.2253,64.43,55.45
2011-05-10,10-May-2011,44.73,73.2074,63.9,55.6
2011-05-11,11-May-2011,44.69,73.124,64.39,55.3
2011-05-12,12-May-2011,44.79,73.1936,63.59,55.28
2011-05-13,13-May-2011,44.91,73.0596,64.03,55.67
2011-05-16,16-May-2011,45.07,72.9728,63.57,55.69
2011-05-18,18-May-2011,45.08,73.3452,64.3,55.55
2011-05-19,19-May-2011,44.98,72.6832,64.16,55.11
2011-05-20,20-May-2011,44.93,72.9169,64.34,54.99
2011-05-23,23-May-2011,45.28,73.3038,63.61,55.32
2011-05-24,24-May-2011,45.25,72.8231,63.58,55.33
2011-05-25,25-May-2011,45.38,73.3137,63.7,55.43
2011-05-26,26-May-2011,45.29,73.8408,64.18,55.38
2011-05-27,27-May-2011,45.21,74.3094,64.4,55.79
2011-05-30,30-May-2011,45.1,74.2729,64.35,55.8
2011-05-31,31-May-2011,45.03,74.4323,64.75,55.29
2011-06-01,01-Jun-2011,44.89,73.8463,64.76,55.17
2011-06-02,02-Jun-2011,44.94,73.4612,64.58,55.47
2011-06-03,03-Jun-2011,44.85,73.2916,64.89,55.59
2011-06-06,06-Jun-2011,44.72,73.4638,65.47,55.67
2011-06-07,07-Jun-2011,44.74,73.2528,65.48,55.72
2011-06-08,08-Jun-2011,44.61,73.2786,65.47,55.79
2011-06-09,09-Jun-2011,44.72,73.4705,65.38,55.83
2011-06-10,10-Jun-2011,44.72,72.9271,64.72,55.83
2011-06-14,14-Jun-2011,44.77,73.4519,64.55,55.76
2011-06-15,15-Jun-2011,44.68,73.0451,64.29,55.53
2011-06-16,16-Jun-2011,44.9,72.5449,63.39,55.56
2011-06-17,17-Jun-2011,44.93,72.4272,63.62,55.73
2011-06-20,20-Jun-2011,44.99,72.5981,64.01,56.11
2011-06-21,21-Jun-2011,44.91,72.8957,64.48,56.0
2011-06-22,22-Jun-2011,44.82,72.837,64.58,55.85
2011-06-23,23-Jun-2011,44.93,72.0879,64.21,55.86
2011-06-24,24-Jun-2011,44.94,71.8928,64.09,55.83
2011-06-27,27-Jun-2011,45.1,71.8781,63.75,55.87
2011-06-28,28-Jun-2011,45.05,71.9156,64.34,55.78
2011-06-29,29-Jun-2011,44.94,71.9107,64.6,55.48
2011-06-30,30-Jun-2011,44.72,71.9567,64.79,55.59
2011-07-01,01-Jul-2011,44.5855,71.7514,64.8018,55.33
2011-07-04,04-Jul-2011,44.4595,71.5287,64.625,55.07
2011-07-05,05-Jul-2011,44.4988,71.247,64.3968,54.9
2011-07-06,06-Jul-2011,44.383,71.2436,64.1591,54.88
2011-07-07,07-Jul-2011,44.4173,70.9522,63.6291,54.86
2011-07-08,08-Jul-2011,44.3263,70.7448,63.6456,54.55
2011-07-11,11-Jul-2011,44.3705,70.8375,62.9578,54.93
2011-07-12,12-Jul-2011,44.6878,70.8749,62.2589,55.96
2011-07-13,13-Jul-2011,44.588,71.0733,62.3994,56.16
2011-07-14,14-Jul-2011,44.5278,71.8011,63.1503,56.37
2011-07-15,15-Jul-2011,44.5262,71.9098,62.9779,56.24
2011-07-18,18-Jul-2011,44.5743,71.7513,62.5955,56.42
2011-07-19,19-Jul-2011,44.5868,71.622,62.782,56.44
2011-07-20,20-Jul-2011,44.4603,71.67,62.9435,56.26
2011-07-21,21-Jul-2011,44.4328,71.8967,63.4095,56.38
2011-07-22,22-Jul-2011,44.3763,72.3422,63.8745,56.45
2011-07-25,25-Jul-2011,44.416,72.4914,63.8654,56.67
2011-07-26,26-Jul-2011,44.2873,72.3654,64.1666,56.73
2011-07-27,27-Jul-2011,43.9485,72.1217,63.6663,56.59
2011-07-28,28-Jul-2011,44.1263,72.0538,63.3322,56.72
2011-07-29,29-Jul-2011,44.1553,72.1034,63.1018,56.95
2011-08-01,01-Aug-2011,44.0485,72.4047,63.4633,56.69
2011-08-02,02-Aug-2011,44.2288,72.0907,62.985,57.16
2011-08-03,03-Aug-2011,44.3795,72.2054,62.8711,57.5
2011-08-04,04-Aug-2011,44.4163,72.6984,63.5501,55.93
2011-08-05,05-Aug-2011,44.803,72.8586,63.111,57.02
2011-08-08,08-Aug-2011,44.962,73.9423,64.5563,57.78
2011-08-09,09-Aug-2011,45.1745,73.7157,64.2588,58.42
2011-08-10,10-Aug-2011,45.2058,73.5092,64.7633,58.85
2011-08-11,11-Aug-2011,45.2713,73.335,64.5821,59.11
2011-08-12,12-Aug-2011,45.374,73.5308,64.366,59.06
2011-08-16,16-Aug-2011,45.249,73.8803,65.062,58.93
2011-08-17,17-Aug-2011,45.3695,74.558,65.3355,59.17
2011-08-18,18-Aug-2011,45.6105,75.3235,65.6845,59.5
2011-08-22,22-Aug-2011,45.9483,75.7619,66.0129,59.88
2011-08-23,23-Aug-2011,45.689,75.2909,65.7742,59.54
2011-08-24,24-Aug-2011,45.7695,75.5769,65.9745,59.76
2011-08-25,25-Aug-2011,46.1285,75.5193,66.259,59.84
2011-08-26,26-Aug-2011,46.0528,75.1996,66.4788,59.73
2011-08-29,29-Aug-2011,45.8708,75.1455,66.6795,59.78
2011-08-30,30-Aug-2011,46.019,75.4251,66.6958,59.98
2011-09-02,02-Sep-2011,45.8965,74.3133,65.4075,59.76
2011-09-05,05-Sep-2011,45.9375,74.2763,64.9718,59.87
2011-09-06,06-Sep-2011,46.127,74.1814,64.878,60.05
2011-09-07,07-Sep-2011,46.0218,73.605,64.7758,59.57
2011-09-08,08-Sep-2011,46.1775,73.6462,64.9545,59.7
2011-09-09,09-Sep-2011,46.3843,74.0085,64.4825,59.87
2011-09-12,12-Sep-2011,46.9735,74.2181,63.6609,60.98
2011-09-13,13-Sep-2011,47.0963,74.6406,64.4222,61.16
2011-09-14,14-Sep-2011,47.8055,75.1622,65.1143,62.19
2011-09-15,15-Sep-2011,47.8435,75.4014,65.677,62.38
2011-09-16,16-Sep-2011,47.467,74.9599,65.7906,61.81
2011-09-19,19-Sep-2011,47.792,75.0573,65.3544,62.18
2011-09-20,20-Sep-2011,48.2225,75.6322,65.6462,63.02
2011-09-21,21-Sep-2011,47.89,75.3094,65.6372,62.8
2011-09-22,22-Sep-2011,48.8205,75.4814,66.1025,63.61
2011-09-23,23-Sep-2011,49.673,76.5064,66.9815,65.1
2011-09-26,26-Sep-2011,49.617,76.6781,66.471,65.03
2011-09-27,27-Sep-2011,49.1775,76.653,66.6331,64.41
2011-09-28,28-Sep-2011,48.912,76.5326,66.4313,63.93
2011-09-29,29-Sep-2011,48.9253,76.5192,66.6458,63.9
2011-10-03,03-Oct-2011,49.424,76.7209,65.8478,64.15
2011-10-04,04-Oct-2011,49.225,76.0674,65.064,64.25
2011-10-05,05-Oct-2011,49.1918,75.9177,65.4394,64.14
2011-10-07,07-Oct-2011,49.1355,75.9733,65.9981,64.11
2011-10-10,10-Oct-2011,49.071,76.6538,66.167,63.95
2011-10-11,11-Oct-2011,49.0333,76.5998,66.8029,63.93
2011-10-12,12-Oct-2011,49.241,76.8012,67.1707,64.19
2011-10-13,13-Oct-2011,49.0228,77.1276,67.5553,63.61
2011-10-14,14-Oct-2011,49.0675,77.4187,67.7248,63.78
2011-10-17,17-Oct-2011,48.8925,77.3113,67.788,63.39
2011-10-18,18-Oct-2011,49.136,77.5833,67.5815,63.97
2011-10-19,19-Oct-2011,49.1775,77.4939,67.9645,64.07
2011-10-20,20-Oct-2011,49.711,78.086,68.0541,64.78
2011-10-21,21-Oct-2011,50.067,79.1559,69.035,65.26
2011-10-24,24-Oct-2011,49.8745,79.7294,69.5253,65.37
2011-10-25,25-Oct-2011,49.6598,79.3862,69.151,65.28
2011-10-28,28-Oct-2011,48.821,78.5676,69.2853,64.36
2011-10-31,31-Oct-2011,48.873,78.1137,68.3616,61.51
2011-11-01,01-Nov-2011,49.0775,78.7817,67.7597,62.82
2011-11-02,02-Nov-2011,49.2508,78.7348,67.6445,63.06
2011-11-03,03-Nov-2011,49.3748,78.4961,67.592,63.26
2011-11-04,04-Nov-2011,49.084,78.6522,67.791,62.85
2011-11-08,08-Nov-2011,49.38,79.1981,67.8411,63.27
2011-11-09,09-Nov-2011,49.781,80.1051,68.8169,64.16
2011-11-11,11-Nov-2011,50.2795,80.0776,68.446,64.83
2011-11-14,14-Nov-2011,50.0845,80.3631,68.8325,64.93
2011-11-15,15-Nov-2011,50.5645,80.299,68.7875,65.6
2011-11-16,16-Nov-2011,50.901,80.304,68.475,66.06
2011-11-17,17-Nov-2011,50.722,79.877,68.4619,65.86
2011-11-18,18-Nov-2011,51.353,80.9734,69.2589,66.8
2011-11-21,21-Nov-2011,51.7165,81.4173,69.8883,67.31
2011-11-22,22-Nov-2011,52.7015,82.4436,71.0788,68.41
2011-11-23,23-Nov-2011,52.1005,81.3028,70.0732,67.61
2011-11-24,24-Nov-2011,52.25,81.2279,69.8261,67.75
2011-11-25,25-Nov-2011,52.1665,80.6442,69.4263,67.39
2011-11-28,28-Nov-2011,51.983,80.5892,69.1243,66.98
2011-11-29,29-Nov-2011,51.9308,80.6226,69.3658,66.55
2011-11-30,30-Nov-2011,52.165,81.2887,69.4735,66.93
2011-12-01,01-Dec-2011,51.652,81.0575,69.5086,66.5
2011-12-02,02-Dec-2011,51.3523,80.505,69.138,66.02
2011-12-05,05-Dec-2011,51.3925,80.2031,68.9227,65.91
2011-12-07,07-Dec-2011,51.449,80.3788,69.1235,66.19
2011-12-08,08-Dec-2011,51.778,81.3225,69.4246,66.69
2011-12-09,09-Dec-2011,52.2285,81.5496,69.6008,67.33
2011-12-12,12-Dec-2011,52.4238,81.9227,69.9405,67.52
2011-12-13,13-Dec-2011,53.403,83.3247,70.4435,68.58
2011-12-14,14-Dec-2011,53.577,82.9747,69.8925,68.75
2011-12-15,15-Dec-2011,54.2355,83.7667,70.4602,69.49
2011-12-16,16-Dec-2011,52.814,82.0043,68.8091,67.8
2011-12-19,19-Dec-2011,52.9575,82.0365,68.9065,67.95
2011-12-20,20-Dec-2011,53.027,82.3403,68.9987,68.03
2011-12-21,21-Dec-2011,52.675,82.5259,69.1277,67.72
2011-12-22,22-Dec-2011,52.7825,82.7313,68.8775,67.63
2011-12-23,23-Dec-2011,52.722,82.705,68.9048,67.53
2011-12-26,26-Dec-2011,52.8205,82.4739,68.9345,67.75
2011-12-27,27-Dec-2011,52.8945,82.7111,69.1508,67.9
2011-12-28,28-Dec-2011,53.2145,83.3179,69.5113,68.39
2011-12-29,29-Dec-2011,53.3585,82.5082,68.9881,68.67
2011-12-30,30-Dec-2011,53.266,82.0989,68.9005,68.68
2012-01-02,02-Jan-2012,53.2975,82.6644,68.9095,69.25
2012-01-03,03-Jan-2012,53.2288,82.8666,69.1265,69.35
2012-01-04,04-Jan-2012,53.14,83.0844,69.2485,69.31
2012-01-05,05-Jan-2012,52.781,82.3331,68.1905,68.82
2012-01-06,06-Jan-2012,52.7838,81.7885,67.4618,68.34
2012-01-09,09-Jan-2012,52.7325,81.3399,67.0098,68.54
2012-01-10,10-Jan-2012,52.2255,80.8399,66.7978,67.99
2012-01-11,11-Jan-2012,51.7495,80.0099,65.991,67.29
2012-01-12,12-Jan-2012,51.829,79.4228,65.9013,67.41
2012-01-13,13-Jan-2012,51.431,79.1009,66.1743,67.05
2012-01-16,16-Jan-2012,51.6545,79.0985,65.3173,67.24
2012-01-17,17-Jan-2012,51.065,78.4818,64.9998,66.59
2012-01-18,18-Jan-2012,50.6655,77.7209,64.6314,66.07
2012-01-19,19-Jan-2012,50.289,77.601,64.6664,65.53
2012-01-20,20-Jan-2012,50.3288,77.9694,65.307,65.27
2012-01-23,23-Jan-2012,50.2435,78.1286,64.7876,65.24
2012-01-24,24-Jan-2012,49.9673,77.7441,65.0887,64.9
2012-01-25,25-Jan-2012,50.0215,78.0535,65.1255,64.19
2012-01-27,27-Jan-2012,49.648,77.7984,65.0492,64.45
2012-01-30,30-Jan-2012,49.503,77.7395,65.1882,64.57
2012-01-31,31-Jan-2012,49.6825,78.1704,65.5157,65.18
2012-02-01,01-Feb-2012,49.5325,77.9493,64.6569,65.0
2012-02-02,02-Feb-2012,49.1288,77.8495,64.748,64.54
2012-02-03,03-Feb-2012,48.964,77.4659,64.3953,64.24
2012-02-06,06-Feb-2012,48.679,76.7522,63.5678,63.46
2012-02-07,07-Feb-2012,48.915,77.3053,64.1188,63.79
2012-02-08,08-Feb-2012,49.0683,78.0873,65.1526,63.65
2012-02-09,09-Feb-2012,49.2895,78.0992,65.5895,63.86
2012-02-10,10-Feb-2012,49.6445,78.3539,65.7995,63.94
2012-02-13,13-Feb-2012,49.318,77.8435,65.352,63.56
2012-02-14,14-Feb-2012,49.3313,77.4107,64.8391,63.25
2012-02-15,15-Feb-2012,49.252,77.4537,64.89,62.76
2012-02-17,17-Feb-2012,49.2128,77.7513,64.5849,62.2
2012-02-21,21-Feb-2012,49.0835,77.7973,65.1705,61.52
2012-02-22,22-Feb-2012,49.2453,76.7485,65.1638,61.53
2012-02-23,23-Feb-2012,49.245,77.1866,65.2903,61.35
2012-02-24,24-Feb-2012,49.065,77.1891,65.5701,61.0
2012-02-27,27-Feb-2012,49.0475,77.7795,65.89,60.54
2012-02-28,28-Feb-2012,49.143,77.8573,66.0625,60.99
2012-02-29,29-Feb-2012,48.9408,77.9529,65.9375,60.94
2012-03-01,01-Mar-2012,49.1545,78.249,65.5692,60.67
2012-03-02,02-Mar-2012,49.3525,78.6827,65.6263,60.61
2012-03-05,05-Mar-2012,49.7958,78.7919,65.7392,61.27
2012-03-06,06-Mar-2012,50.0265,79.317,66.0203,61.39
2012-03-07,07-Mar-2012,50.5733,79.567,66.4959,62.63
2012-03-09,09-Mar-2012,50.015,79.0087,66.1776,61.31
2012-03-12,12-Mar-2012,49.9448,78.2535,65.3999,60.72
2012-03-13,13-Mar-2012,49.845,77.9675,65.6151,60.67
2012-03-14,14-Mar-2012,49.903,78.1481,65.0885,59.97
2012-03-15,15-Mar-2012,50.2225,78.6384,65.5355,59.92
2012-03-16,16-Mar-2012,50.313,79.0468,65.8262,60.28
2012-03-19,19-Mar-2012,50.1245,79.3721,66.0025,60.12
2012-03-20,20-Mar-2012,50.2545,79.7639,66.5226,60.25
2012-03-21,21-Mar-2012,50.5935,80.3425,67.1366,60.44
2012-03-22,22-Mar-2012,50.9055,80.7718,67.4035,61.09
2012-03-26,26-Mar-2012,51.309,81.3658,67.9785,62.13
2012-03-27,27-Mar-2012,50.9083,81.27,67.986,61.47
2012-03-28,28-Mar-2012,50.9175,81.2134,67.85,61.52
2012-03-29,29-Mar-2012,51.145,81.4126,68.224,62.02
2012-03-30,30-Mar-2012,51.1565,81.7992,68.3403,62.43
2012-04-03,03-Apr-2012,50.5645,81.0498,67.4854,61.63
2012-04-04,04-Apr-2012,51.0465,81.0874,67.3936,61.75
2012-04-09,09-Apr-2012,51.2765,81.3809,67.0133,62.99
2012-04-10,10-Apr-2012,51.204,81.5014,67.1545,63.0
2012-04-11,11-Apr-2012,51.547,81.9494,67.5668,63.72
2012-04-12,12-Apr-2012,51.442,81.9625,67.6087,63.52
2012-04-13,13-Apr-2012,51.4175,81.9338,67.6685,63.5
2012-04-16,16-Apr-2012,51.659,81.7969,67.1825,64.17
2012-04-17,17-Apr-2012,51.6265,81.939,67.6546,64.19
2012-04-18,18-Apr-2012,51.5035,81.9884,67.5415,63.31
2012-04-19,19-Apr-2012,51.893,83.1845,68.063,63.65
2012-04-20,20-Apr-2012,51.9995,83.5398,68.398,63.7
2012-04-23,23-Apr-2012,52.2295,84.16,68.8375,64.27
2012-04-24,24-Apr-2012,52.791,85.1704,69.5325,65.25
2012-04-25,25-Apr-2012,52.485,84.6583,69.252,64.5
2012-04-26,26-Apr-2012,52.567,85.0271,69.563,64.78
2012-04-27,27-Apr-2012,52.6813,85.1224,69.3815,65.18
2012-04-30,30-Apr-2012,52.5193,85.4935,69.6135,65.54
2012-05-02,02-May-2012,52.9305,85.8533,69.9425,65.87
2012-05-03,03-May-2012,53.2395,86.1415,69.9815,66.36
2012-05-04,04-May-2012,53.7225,86.9821,70.6465,67.01
2012-05-07,07-May-2012,53.342,86.0913,69.3655,66.87
2012-05-08,08-May-2012,52.855,85.4428,68.8078,66.12
2012-05-09,09-May-2012,53.46,86.2711,69.4005,67.0
2012-05-10,10-May-2012,53.3375,86.1081,69.068,66.93
2012-05-11,11-May-2012,53.641,86.4237,69.288,67.2
2012-05-14,14-May-2012,53.7118,86.3444,69.226,67.1
2012-05-15,15-May-2012,53.84,86.7201,69.173,67.41
2012-05-16,16-May-2012,54.2925,86.6074,68.8719,67.57
2012-05-17,17-May-2012,54.3875,86.5577,69.3003,67.73
2012-05-18,18-May-2012,54.8755,86.4646,69.4885,69.21
2012-05-21,21-May-2012,54.681,86.5245,69.8556,69.02
2012-05-22,22-May-2012,54.8845,86.841,70.2093,69.08
2012-05-23,23-May-2012,55.93,88.1485,70.877,70.32
2012-05-24,24-May-2012,56.287,88.258,70.816,70.81
2012-05-25,25-May-2012,55.7253,87.263,69.894,69.98
2012-05-28,28-May-2012,55.2625,86.8008,69.634,69.63
2012-05-29,29-May-2012,55.5835,87.1438,69.7325,69.93
2012-05-30,30-May-2012,56.006,87.4814,69.8495,70.51
2012-05-31,31-May-2012,56.4225,87.3759,69.9513,71.57
2012-06-01,01-Jun-2012,55.9175,86.0347,69.1297,71.29
2012-06-04,04-Jun-2012,55.5155,85.2912,68.863,71.01
2012-06-05,05-Jun-2012,55.5615,85.5175,69.5025,70.82
2012-06-06,06-Jun-2012,55.4958,85.5773,69.301,70.4
2012-06-07,07-Jun-2012,55.1455,85.2219,69.2433,69.51
2012-06-08,08-Jun-2012,55.364,85.6398,69.2125,69.88
2012-06-11,11-Jun-2012,55.2385,85.9345,69.8215,69.42
2012-06-12,12-Jun-2012,56.0545,86.6911,69.9805,70.47
2012-06-13,13-Jun-2012,55.8505,86.8782,69.8792,70.12
2012-06-14,14-Jun-2012,55.794,86.3719,70.0703,70.29
2012-06-15,15-Jun-2012,55.763,86.6892,70.4411,70.69
2012-06-18,18-Jun-2012,55.599,87.3405,70.664,70.18
2012-06-19,19-Jun-2012,56.0143,87.85,70.5436,70.92
2012-06-20,20-Jun-2012,55.8585,87.9325,70.8838,70.77
2012-06-21,21-Jun-2012,56.4178,88.4462,71.5215,70.85
2012-06-22,22-Jun-2012,56.9928,88.9743,71.5745,70.88
2012-06-25,25-Jun-2012,56.534,88.0941,70.8308,70.55
2012-06-26,26-Jun-2012,57.0728,88.9594,71.4005,71.6
2012-06-27,27-Jun-2012,57.2165,89.4208,71.4625,71.93
2012-06-28,28-Jun-2012,56.9195,88.9054,71.2483,71.68
2012-06-29,29-Jun-2012,56.309,88.0616,70.908,70.9
2012-07-02,02-Jul-2012,55.83,87.4074,70.4295,70.15
2012-07-03,03-Jul-2012,54.8125,86.0392,69.0615,68.71
2012-07-04,04-Jul-2012,54.5525,85.4783,68.702,68.4
2012-07-05,05-Jul-2012,55.025,85.9325,68.966,69.06
2012-07-06,06-Jul-2012,55.415,86.0429,68.6085,69.39
2012-07-09,09-Jul-2012,56.0215,86.7773,68.8275,70.32
2012-07-10,10-Jul-2012,55.8055,86.532,68.5845,70.22
2012-07-11,11-Jul-2012,55.365,85.9486,67.873,69.82
2012-07-12,12-Jul-2012,55.6985,86.2825,68.1465,70.11
2012-07-13,13-Jul-2012,55.656,85.8883,67.8783,70.26
2012-07-16,16-Jul-2012,54.918,85.4689,67.1525,69.51
2012-07-17,17-Jul-2012,55.1455,86.2972,67.726,69.88
2012-07-18,18-Jul-2012,55.3395,86.551,67.954,70.05
2012-07-19,19-Jul-2012,55.383,86.7464,68.0639,70.47
2012-07-20,20-Jul-2012,55.1515,86.5768,67.603,70.22
2012-07-23,23-Jul-2012,55.7643,86.7971,67.4328,71.42
2012-07-24,24-Jul-2012,56.015,86.8905,67.8361,71.58
2012-07-25,25-Jul-2012,56.3755,87.444,68.0455,72.12
2012-07-26,26-Jul-2012,55.948,86.5572,67.9535,71.56
2012-07-27,27-Jul-2012,55.413,86.9319,68.101,70.84
2012-07-30,30-Jul-2012,55.4428,87.1228,68.1465,70.74
2012-07-31,31-Jul-2012,55.807,87.6672,68.452,71.35
2012-08-01,01-Aug-2012,55.4825,,,
2012-08-02,02-Aug-2012,55.7765,86.7492,68.3157,71.12
2012-08-03,03-Aug-2012,56.0845,87.0263,68.3605,71.68
2012-08-06,06-Aug-2012,55.473,86.6044,68.6615,70.77
2012-08-07,07-Aug-2012,55.4995,86.3961,68.699,70.92
2012-08-08,08-Aug-2012,55.145,86.0041,68.3135,70.38
2012-08-09,09-Aug-2012,55.1715,86.4262,68.269,70.28
2012-08-10,10-Aug-2012,55.344,86.4501,68.0425,70.51
2012-08-13,13-Aug-2012,55.418,86.779,68.0311,70.79
2012-08-14,14-Aug-2012,55.6435,87.3102,68.8135,70.85
2012-08-16,16-Aug-2012,55.989,87.55,68.6855,70.64
2012-08-17,17-Aug-2012,55.7023,87.5473,68.851,70.18
2012-08-21,21-Aug-2012,55.5405,87.393,68.7185,70.05
2012-08-22,22-Aug-2012,55.5105,87.5956,69.1465,70.01
2012-08-23,23-Aug-2012,55.1855,87.6511,69.1584,70.3
2012-08-24,24-Aug-2012,55.382,87.7971,69.476,70.47
2012-08-27,27-Aug-2012,55.593,87.8703,69.496,70.62
2012-08-28,28-Aug-2012,55.7795,88.0424,69.621,71.01
2012-08-29,29-Aug-2012,55.6653,88.0458,69.9158,70.9
2012-08-30,30-Aug-2012,55.6485,88.1027,69.836,70.78
2012-08-31,31-Aug-2012,55.7215,87.9508,69.6555,71.04
2012-09-03,03-Sep-2012,55.454,87.9833,69.6955,70.83
2012-09-04,04-Sep-2012,55.536,88.23,70.019,70.85
2012-09-05,05-Sep-2012,55.895,88.6271,70.025,71.33
2012-09-06,06-Sep-2012,55.9735,89.0203,70.614,71.39
2012-09-07,07-Sep-2012,55.523,88.4926,70.2025,70.31
2012-09-10,10-Sep-2012,55.339,88.5037,70.7425,70.71
2012-09-11,11-Sep-2012,55.5223,88.8468,70.85,70.99
2012-09-12,12-Sep-2012,55.2605,88.8534,71.131,70.93
2012-09-13,13-Sep-2012,55.443,89.3076,71.616,71.33
2012-09-14,14-Sep-2012,54.727,88.6085,71.3415,70.55
2012-09-17,17-Sep-2012,53.974,87.5242,70.8415,68.95
2012-09-18,18-Sep-2012,54.257,88.1459,71.0335,68.99
2012-09-20,20-Sep-2012,54.3375,87.9072,70.5725,69.49
2012-09-21,21-Sep-2012,53.9055,87.6018,70.0095,68.98
2012-09-24,24-Sep-2012,53.293,86.4359,68.951,68.28
2012-09-25,25-Sep-2012,53.534,86.8214,69.0295,68.86
2012-09-26,26-Sep-2012,53.5785,86.6043,68.939,68.93
2012-09-27,27-Sep-2012,53.255,86.2332,68.6385,68.56
2012-09-28,28-Sep-2012,52.697,85.7117,68.1485,68.0
2012-10-03,03-Oct-2012,52.3345,84.3004,67.4485,66.89
2012-10-04,04-Oct-2012,51.9755,83.6754,67.198,66.14
2012-10-05,05-Oct-2012,51.6185,83.5704,67.1735,65.83
2012-10-08,08-Oct-2012,52.2145,84.0027,67.7515,66.46
2012-10-09,09-Oct-2012,52.375,83.999,67.9895,66.85
2012-10-10,10-Oct-2012,53.0445,84.8341,68.21,67.82
2012-10-11,11-Oct-2012,53.073,84.9486,68.2365,68.06
2012-10-12,12-Oct-2012,52.7,84.5097,68.1585,67.21
2012-10-15,15-Oct-2012,53.1198,85.1457,68.602,67.65
2012-10-16,16-Oct-2012,52.8193,84.9598,68.6125,66.95
2012-10-17,17-Oct-2012,52.751,85.0768,69.0385,67.07
2012-10-18,18-Oct-2012,52.969,85.4549,69.456,66.94
2012-10-19,19-Oct-2012,53.7175,86.1468,70.169,67.71
2012-10-22,22-Oct-2012,53.6735,86.0494,70.0675,67.45
2012-10-23,23-Oct-2012,53.5895,85.8129,69.907,67.09
2012-10-25,25-Oct-2012,53.63,86.178,69.7455,66.91
2012-10-29,29-Oct-2012,53.8065,86.5209,69.4965,67.51
2012-10-30,30-Oct-2012,54.165,86.8319,69.8495,68.22
2012-10-31,31-Oct-2012,54.1175,87.0751,70.1495,67.99
2012-11-01,01-Nov-2012,53.7798,86.7683,69.7105,67.25
2012-11-02,02-Nov-2012,53.6645,86.3676,69.2425,66.85
2012-11-06,06-Nov-2012,54.5955,87.3091,69.8635,68.19
2012-11-07,07-Nov-2012,54.252,87.0039,69.8325,67.77
2012-11-08,08-Nov-2012,54.4403,87.001,69.4755,68.12
2012-11-09,09-Nov-2012,54.34,86.9685,69.4274,68.31
2012-11-12,12-Nov-2012,54.934,87.3835,69.9335,69.13
2012-11-15,15-Nov-2012,54.959,87.1045,70.0345,68.03
2012-11-16,16-Nov-2012,54.9915,87.211,70.223,67.88
2012-11-19,19-Nov-2012,54.9665,87.4957,70.1595,67.65
2012-11-20,20-Nov-2012,54.91,87.3838,70.238,67.55
2012-11-21,21-Nov-2012,55.2025,87.7913,70.4255,67.39
2012-11-22,22-Nov-2012,55.1575,88.0314,70.8575,66.89
2012-11-23,23-Nov-2012,55.3445,88.2966,71.3665,67.24
2012-11-26,26-Nov-2012,55.692,89.1963,72.1005,67.84
2012-11-27,27-Nov-2012,55.7045,89.3444,72.35,67.72
2012-11-29,29-Nov-2012,55.202,88.3756,71.47,67.2
2012-11-30,30-Nov-2012,54.5265,87.4823,70.888,66.17
2012-12-03,03-Dec-2012,54.561,87.4558,71.0815,66.27
2012-12-04,04-Dec-2012,54.9473,88.4212,71.71,66.94
2012-12-05,05-Dec-2012,54.569,87.8997,71.529,66.34
2012-12-06,06-Dec-2012,54.465,87.6287,71.115,66.1
2012-12-07,07-Dec-2012,54.2018,86.9993,70.2175,65.77
2012-12-10,10-Dec-2012,54.3405,87.0888,70.132,65.94
2012-12-11,11-Dec-2012,54.316,87.3619,70.3615,65.98
2012-12-12,12-Dec-2012,54.2725,87.4276,70.547,65.66
2012-12-13,13-Dec-2012,54.232,87.5304,70.944,64.86
2012-12-14,14-Dec-2012,54.388,87.7822,71.292,64.86
2012-12-17,17-Dec-2012,54.629,88.4006,71.8595,65.0
2012-12-18,18-Dec-2012,54.849,88.9267,72.244,65.31
2012-12-19,19-Dec-2012,54.7365,89.018,72.4775,64.92
2012-12-20,20-Dec-2012,54.842,89.1128,72.4667,65.31
2012-12-21,21-Dec-2012,55.086,89.5368,72.773,65.5
2012-12-24,24-Dec-2012,55.0858,89.0958,72.6164,65.29
2012-12-26,26-Dec-2012,54.9635,88.6781,72.4525,64.46
2012-12-27,27-Dec-2012,54.8465,88.5497,72.633,63.98
2012-12-28,28-Dec-2012,54.8473,88.3974,72.6298,63.46
2012-12-31,31-Dec-2012,54.7773,88.5092,72.2605,63.66
2013-01-01,01-Jan-2013,54.832,89.2254,72.4803,63.21
2013-01-02,02-Jan-2013,54.389,88.7574,72.19,62.32
2013-01-03,03-Jan-2013,54.4153,88.2888,71.4945,62.36
2013-01-04,04-Jan-2013,54.8458,88.1646,71.5405,62.5
2013-01-07,07-Jan-2013,54.978,88.1077,71.669,62.67
2013-01-08,08-Jan-2013,55.3278,89.0501,72.568,63.33
2013-01-09,09-Jan-2013,54.9625,88.2286,71.9235,62.86
2013-01-10,10-Jan-2013,54.6305,87.5017,71.3235,61.99
2013-01-11,11-Jan-2013,54.539,88.0532,72.2945,61.26
2013-01-14,14-Jan-2013,54.6355,88.1735,73.1273,60.98
2013-01-15,15-Jan-2013,54.5425,87.6934,72.8525,61.3
2013-01-16,16-Jan-2013,54.826,87.9902,72.8285,62.2
2013-01-17,17-Jan-2013,54.6428,87.4558,72.6545,61.65
2013-01-18,18-Jan-2013,53.9465,86.2416,72.205,59.91
2013-01-21,21-Jan-2013,53.8735,85.5296,71.776,60.11
2013-01-22,22-Jan-2013,53.5115,84.8478,71.4275,59.98
2013-01-23,23-Jan-2013,53.771,85.1356,71.567,60.96
2013-01-24,24-Jan-2013,53.8515,85.255,71.721,60.3
2013-01-28,28-Jan-2013,53.8905,84.926,72.507,59.29
2013-01-29,29-Jan-2013,53.7015,84.3543,72.2115,59.17
2013-01-30,30-Jan-2013,53.5678,84.3746,72.234,58.95
2013-01-31,31-Jan-2013,53.289,84.2233,72.2325,58.66
2013-02-01,01-Feb-2013,53.3238,84.5982,72.6296,57.85
2013-02-04,04-Feb-2013,52.973,83.1703,72.206,57.17
2013-02-05,05-Feb-2013,53.2945,83.9655,71.8773,57.71
2013-02-06,06-Feb-2013,53.0855,83.116,72.0165,56.59
2013-02-07,07-Feb-2013,53.1445,83.2695,71.9355,56.75
2013-02-08,08-Feb-2013,53.5695,84.2541,71.785,57.42
2013-02-11,11-Feb-2013,53.6793,84.8455,71.869,58.01
2013-02-12,12-Feb-2013,53.9585,84.4882,72.2305,57.43
2013-02-13,13-Feb-2013,53.85,84.426,72.397,57.86
2013-02-14,14-Feb-2013,53.8715,83.587,72.376,57.6
2013-02-15,15-Feb-2013,53.9885,83.72,72.0865,58.38
2013-02-18,18-Feb-2013,54.2895,84.0944,72.4405,57.79
2013-02-20,20-Feb-2013,54.051,83.4493,72.5355,57.95
2013-02-21,21-Feb-2013,54.48,82.7143,72.2318,58.33
2013-02-22,22-Feb-2013,54.427,83.2026,71.9061,58.34
2013-02-25,25-Feb-2013,54.0415,81.8026,71.413,57.36
2013-02-26,26-Feb-2013,54.0645,82.1537,70.6105,58.81
2013-02-27,27-Feb-2013,53.835,81.2424,70.3855,58.68
2013-02-28,28-Feb-2013,53.7735,81.569,70.6805,58.24
2013-03-01,01-Mar-2013,54.4815,82.7193,71.2736,58.91
2013-03-04,04-Mar-2013,55.0518,82.7484,71.6145,58.97
2013-03-05,05-Mar-2013,54.652,82.6584,71.2092,58.75
2013-03-06,06-Mar-2013,54.7065,82.7873,71.4295,58.69
2013-03-07,07-Mar-2013,54.7393,82.1418,71.1265,58.29
2013-03-08,08-Mar-2013,54.4035,81.5672,71.2385,57.06
2013-03-11,11-Mar-2013,54.2933,81.087,70.6107,56.52
2013-03-12,12-Mar-2013,54.3365,80.8989,70.7315,56.4
2013-03-13,13-Mar-2013,54.11,80.8376,70.5545,56.53
2013-03-14,14-Mar-2013,54.442,81.3336,70.5005,56.73
2013-03-15,15-Mar-2013,54.1605,81.7444,70.5023,56.36
2013-03-18,18-Mar-2013,54.2915,81.9394,70.0187,57.5
2013-03-19,19-Mar-2013,54.2635,81.9352,70.214,56.87
2013-03-20,20-Mar-2013,54.378,82.07,70.0365,57.22
2013-03-21,21-Mar-2013,54.281,82.0593,70.228,56.71
2013-03-22,22-Mar-2013,54.335,82.5566,70.1005,57.37
2013-03-25,25-Mar-2013,54.099,82.4658,70.4938,57.14
2013-03-26,26-Mar-2013,54.2735,82.4903,69.8803,57.63
2013-03-28,28-Mar-2013,54.3893,82.3209,69.5438,57.76
2013-04-02,02-Apr-2013,54.3345,82.7243,69.816,58.56
2013-04-03,03-Apr-2013,54.3885,82.0478,69.5881,58.15
2013-04-04,04-Apr-2013,54.646,82.4144,70.0795,57.37
2013-04-05,05-Apr-2013,54.8803,83.5415,70.9044,57.01
2013-04-08,08-Apr-2013,54.7215,83.8771,71.0502,55.51
2013-04-09,09-Apr-2013,54.4613,83.1297,70.9875,54.95
2013-04-10,10-Apr-2013,54.534,83.5952,71.326,55.03
2013-04-12,12-Apr-2013,54.4425,83.7761,71.331,54.77
2013-04-15,15-Apr-2013,54.626,83.698,71.415,55.67
2013-04-16,16-Apr-2013,54.329,83.1723,71.0531,55.7
2013-04-17,17-Apr-2013,53.9423,82.7691,71.0455,54.89
2013-04-18,18-Apr-2013,54.0298,82.4306,70.4933,55.14
2013-04-22,22-Apr-2013,54.1665,82.4522,70.7045,54.31
2013-04-23,23-Apr-2013,54.2995,82.8773,70.8017,54.99
2013-04-25,25-Apr-2013,54.1715,82.9853,70.6215,54.64
2013-04-26,26-Apr-2013,54.2935,83.8835,70.675,55.05
2013-04-29,29-Apr-2013,54.277,84.2325,70.903,55.51
2013-04-30,30-Apr-2013,54.219,84.0015,70.9775,55.47
2013-05-02,02-May-2013,53.7355,83.5426,70.7155,55.24
2013-05-03,03-May-2013,53.951,83.8075,70.4994,55.03
2013-05-06,06-May-2013,53.9495,84.0317,70.7203,54.36
2013-05-07,07-May-2013,54.16,83.8803,70.998,54.77
2013-05-08,08-May-2013,54.16,83.8803,70.998,54.77
2013-05-09,09-May-2013,54.2415,84.2967,71.362,54.95
2013-05-10,10-May-2013,54.5413,84.19,71.1075,53.97
2013-05-13,13-May-2013,54.915,84.4428,71.3167,54.03
2013-05-14,14-May-2013,54.6275,83.6729,71.0193,53.85
2013-05-15,15-May-2013,54.7835,83.3805,70.7189,53.55
2013-05-16,16-May-2013,54.7723,83.3141,70.4605,53.5
2013-05-17,17-May-2013,54.8865,83.658,70.5785,53.54
2013-05-20,20-May-2013,55.0368,83.6064,70.6835,53.6
2013-05-21,21-May-2013,55.0395,83.9517,70.9269,53.67
2013-05-22,22-May-2013,55.522,84.0936,71.6725,54.07
2013-05-24,24-May-2013,55.6075,83.984,71.9415,54.71
2013-05-27,27-May-2013,55.6198,84.1806,71.958,55.1
2013-05-28,28-May-2013,55.7423,84.1709,71.0265,54.65
2013-05-29,29-May-2013,56.243,84.5389,72.324,55.05
2013-05-30,30-May-2013,56.0995,85.131,72.7976,55.68
2013-05-31,31-May-2013,56.4958,86.0092,73.6807,56.03
2013-06-03,03-Jun-2013,56.574,86.1509,73.6405,56.35
2013-06-04,04-Jun-2013,56.6423,86.6854,73.972,56.51
2013-06-05,05-Jun-2013,56.4238,86.5372,73.859,56.7
2013-06-06,06-Jun-2013,56.869,87.6465,74.5155,57.37
2013-06-07,07-Jun-2013,56.7445,88.5328,75.2033,58.88
2013-06-10,10-Jun-2013,57.782,89.7123,76.236,58.79
2013-06-11,11-Jun-2013,58.9255,91.8059,78.1846,59.94
2013-06-12,12-Jun-2013,58.274,91.158,77.5045,60.27
2013-06-13,13-Jun-2013,58.414,91.6224,78.1193,62.08
2013-06-14,14-Jun-2013,57.741,90.6418,77.0225,60.93
2013-06-17,17-Jun-2013,57.731,90.6088,76.9628,60.85
2013-06-18,18-Jun-2013,58.4515,91.5993,77.911,61.59
2013-06-19,19-Jun-2013,58.7445,91.988,78.6996,61.82
2013-06-20,20-Jun-2013,59.7,92.2186,79.1871,61.46
2013-06-21,21-Jun-2013,59.3505,92.112,78.593,60.72
2013-06-24,24-Jun-2013,59.734,91.8171,78.2286,60.66
2013-06-25,25-Jun-2013,59.703,92.2531,78.3826,61.25
2013-06-26,26-Jun-2013,59.8538,92.3065,78.2265,61.36
2013-06-27,27-Jun-2013,60.588,92.9178,78.9412,61.79
2013-06-28,28-Jun-2013,59.6995,91.1432,77.976,60.49
2013-07-01,01-Jul-2013,59.149,90.0544,77.066,59.48
2013-07-02,02-Jul-2013,59.4145,90.3813,77.6085,59.53
2013-07-03,03-Jul-2013,60.1005,91.0703,77.9505,59.65
2013-07-04,04-Jul-2013,60.0905,91.5779,78.0787,60.25
2013-07-05,05-Jul-2013,60.3395,90.7868,77.8085,60.14
2013-07-08,08-Jul-2013,61.0455,90.8906,78.2746,60.4
2013-07-09,09-Jul-2013,60.0745,89.9075,77.433,59.36
2013-07-10,10-Jul-2013,60.133,89.52,76.8915,59.76
2013-07-11,11-Jul-2013,59.642,90.137,77.985,60.4
2013-07-12,12-Jul-2013,59.896,90.8802,78.3241,60.59
2013-07-15,15-Jul-2013,60.051,90.713,78.4705,60.51
2013-07-16,16-Jul-2013,59.3925,89.8965,77.725,59.54
2013-07-17,17-Jul-2013,59.3623,89.6905,77.9875,59.77
2013-07-18,18-Jul-2013,59.712,90.5891,78.2195,59.59
2013-07-19,19-Jul-2013,59.795,91.0319,78.5222,59.74
2013-07-22,22-Jul-2013,59.408,90.7398,78.1135,59.37
2013-07-23,23-Jul-2013,59.6875,91.6621,78.6865,59.96
2013-07-24,24-Jul-2013,59.4465,91.2444,78.4355,59.51
2013-07-25,25-Jul-2013,58.9415,90.4752,77.8668,59.01
2013-07-26,26-Jul-2013,58.9133,90.6794,78.218,59.67
2013-07-29,29-Jul-2013,59.297,91.181,78.7129,60.58
2013-07-30,30-Jul-2013,59.828,91.7582,79.3277,60.84
2013-07-31,31-Jul-2013,61.115,92.9742,80.9535,62.44
2013-08-01,01-Aug-2013,60.7423,92.055,80.6025,61.69
2013-08-02,02-Aug-2013,60.8035,91.9531,80.3655,61.04
2013-08-05,05-Aug-2013,60.822,92.9664,80.7335,61.77
2013-08-06,06-Aug-2013,61.5355,94.3708,81.5785,62.49
2013-08-07,07-Aug-2013,61.394,94.1723,81.699,63.22
2013-08-08,08-Aug-2013,61.115,94.771,81.542,63.44
2013-08-12,12-Aug-2013,60.8025,94.2074,81.0345,63.07
2013-08-13,13-Aug-2013,61.4343,95.0757,81.777,63.09
2013-08-14,14-Aug-2013,61.516,94.9869,81.6266,62.56
2013-08-16,16-Aug-2013,61.8195,96.5682,82.451,63.29
2013-08-19,19-Aug-2013,62.3461,97.3721,83.0686,63.83
2013-08-20,20-Aug-2013,63.7335,99.7875,85.0698,65.51
2013-08-21,21-Aug-2013,63.4605,99.4172,85.1205,65.02
2013-08-22,22-Aug-2013,65.4207,102.0955,87.3176,66.62
2013-08-23,23-Aug-2013,64.688,100.7968,86.3035,65.32
2013-08-26,26-Aug-2013,64.2347,100.007,85.9342,65.21
2013-08-27,27-Aug-2013,65.6675,102.1983,87.746,66.95
2013-08-28,28-Aug-2013,68.3611,106.0281,91.4682,70.25
2013-08-29,29-Aug-2013,67.706,105.1406,90.0295,69.22
2013-08-30,30-Aug-2013,66.5742,103.3431,88.1605,67.83
2013-09-02,02-Sep-2013,65.8608,102.5189,87.0575,66.84
2013-09-03,03-Sep-2013,66.8875,103.9499,88.095,67.18
2013-09-04,04-Sep-2013,67.0289,104.3171,88.2374,67.18
2013-09-05,05-Sep-2013,66.043,103.1063,86.994,66.18
2013-09-10,10-Sep-2013,64.2162,100.8259,85.2073,64.28
2013-09-11,11-Sep-2013,63.9035,100.4691,84.651,63.68
2013-09-12,12-Sep-2013,63.6673,100.7089,84.723,64.1
2013-09-13,13-Sep-2013,63.789,100.7037,84.6675,63.88
2013-09-16,16-Sep-2013,62.484,99.662,83.496,63.23
2013-09-17,17-Sep-2013,63.377,100.8582,84.598,63.93
2013-09-18,18-Sep-2013,63.144,100.481,84.3675,63.65
2013-09-19,19-Sep-2013,61.748,99.5625,83.546,62.74
2013-09-20,20-Sep-2013,62.243,99.8969,84.2295,62.67
2013-09-23,23-Sep-2013,62.52,100.2571,84.671,63.17
2013-09-24,24-Sep-2013,62.6585,100.4604,84.5955,63.32
2013-09-25,25-Sep-2013,62.6981,100.2731,84.4589,63.57
2013-09-26,26-Sep-2013,62.226,100.0594,84.1073,62.84
2013-09-27,27-Sep-2013,61.811,99.4972,83.42,62.66
2013-09-30,30-Sep-2013,62.777,101.4162,84.6745,64.15
2013-10-01,01-Oct-2013,62.3555,101.203,84.5365,63.51
2013-10-03,03-Oct-2013,61.9348,100.4397,84.236,63.43
2013-10-04,04-Oct-2013,61.405,99.2857,83.679,63.25
2013-10-07,07-Oct-2013,61.776,99.064,83.836,63.62
2013-10-08,08-Oct-2013,61.6885,99.2013,83.6875,63.5
2013-10-09,09-Oct-2013,61.917,99.4511,83.9247,63.54
2013-10-10,10-Oct-2013,62.1383,99.0236,83.8725,63.58
2013-10-11,11-Oct-2013,61.157,97.7656,82.7795,62.15
2013-10-14,14-Oct-2013,61.3036,97.9877,83.1487,62.4
2013-10-15,15-Oct-2013,61.6929,98.5914,83.6735,62.66
2013-10-17,17-Oct-2013,61.581,98.5111,83.4935,62.51
2013-10-18,18-Oct-2013,61.276,99.0281,83.801,62.52
2013-10-21,21-Oct-2013,61.4885,99.4085,84.1215,62.66
2013-10-22,22-Oct-2013,61.78,99.6573,84.4855,62.86
2013-10-23,23-Oct-2013,61.534,99.7466,84.7495,63.18
2013-10-24,24-Oct-2013,61.4105,99.528,84.815,62.99
2013-10-25,25-Oct-2013,61.625,99.9373,85.135,63.48
2013-10-28,28-Oct-2013,61.503,99.4934,84.8825,63.01
2013-10-29,29-Oct-2013,61.463,98.9862,84.7244,63.01
2013-10-30,30-Oct-2013,61.4871,98.7052,84.4855,62.61
2013-10-31,31-Oct-2013,61.41,98.2867,84.1245,62.44
2013-11-01,01-Nov-2013,61.9046,99.1897,83.8775,63.21
2013-11-05,05-Nov-2013,61.788,98.6569,83.419,62.74
2013-11-06,06-Nov-2013,61.9225,99.5961,83.6375,62.81
2013-11-07,07-Nov-2013,62.574,100.6252,84.6225,63.46
2013-11-08,08-Nov-2013,62.7315,100.9224,84.0625,63.94
2013-11-11,11-Nov-2013,63.2955,101.3614,84.595,63.97
2013-11-12,12-Nov-2013,63.593,101.558,85.1515,63.85
2013-11-13,13-Nov-2013,63.6545,101.1661,85.5502,63.94
2013-11-14,14-Nov-2013,63.0645,101.1492,84.9475,63.31
2013-11-18,18-Nov-2013,62.625,101.0642,84.555,62.59
2013-11-19,19-Nov-2013,62.2311,100.1796,84.0585,62.32
2013-11-20,20-Nov-2013,62.558,100.7747,84.7104,62.51
2013-11-21,21-Nov-2013,62.8895,101.1389,84.418,62.45
2013-11-22,22-Nov-2013,63.0236,102.0415,84.9199,62.37
2013-11-25,25-Nov-2013,62.577,101.4248,84.7,61.43
2013-11-26,26-Nov-2013,62.447,100.8644,84.504,61.51
2013-11-27,27-Nov-2013,62.3625,101.1083,84.6755,61.43
2013-11-28,28-Nov-2013,62.3896,101.8011,84.7547,61.1
2013-11-29,29-Nov-2013,62.3948,102.0592,84.9755,60.97
2013-12-02,02-Dec-2013,62.226,102.1378,84.641,60.74
2013-12-03,03-Dec-2013,62.3443,102.0639,84.457,60.38
2013-12-04,04-Dec-2013,62.333,102.1825,84.6848,60.77
2013-12-05,05-Dec-2013,61.6895,101.0782,84.069,60.44
2013-12-06,06-Dec-2013,61.6673,100.6472,84.2546,60.4
2013-12-09,09-Dec-2013,61.1785,100.0146,83.8195,59.38
2013-12-10,10-Dec-2013,61.207,100.6488,84.151,59.29
2013-12-11,11-Dec-2013,61.3313,100.7919,84.378,59.72
2013-12-12,12-Dec-2013,61.62,100.835,84.982,60.03
2013-12-13,13-Dec-2013,62.1266,101.5335,85.4135,59.9
2013-12-16,16-Dec-2013,62.1024,101.2704,85.4284,60.4
2013-12-17,17-Dec-2013,61.958,101.1402,85.3345,60.17
2013-12-18,18-Dec-2013,61.9176,100.8328,85.2692,60.16
2013-12-19,19-Dec-2013,62.38,102.1535,85.2945,59.98
2013-12-20,20-Dec-2013,62.242,101.8092,84.8774,59.59
2013-12-23,23-Dec-2013,61.9915,101.3747,84.818,59.58
2013-12-24,24-Dec-2013,61.8668,101.1027,84.651,59.37
2013-12-26,26-Dec-2013,61.9755,101.4911,84.7925,59.15
2013-12-27,27-Dec-2013,62.0595,102.032,85.2748,59.23
2013-12-30,30-Dec-2013,62.0028,102.1682,85.1855,58.86
2013-12-31,31-Dec-2013,61.897,102.0094,85.3635,58.97
2014-01-01,01-Jan-2014,61.9335,102.3885,85.1235,58.83
2014-01-02,02-Jan-2014,61.902,102.7418,85.1556,58.79
2014-01-03,03-Jan-2014,62.4075,102.5355,85.195,59.9
2014-01-06,06-Jan-2014,62.3265,101.9911,84.6151,59.73
2014-01-07,07-Jan-2014,62.379,102.2454,84.972,59.71
2014-01-08,08-Jan-2014,62.243,102.1719,84.8185,59.34
2014-01-09,09-Jan-2014,62.181,102.3126,84.496,59.29
2014-01-10,10-Jan-2014,61.936,102.0643,84.305,59.01
2014-01-13,13-Jan-2014,61.52,101.4772,84.111,59.49
2014-01-15,15-Jan-2014,61.5885,101.0914,83.9915,58.99
2014-01-16,16-Jan-2014,61.5325,100.7349,83.8395,58.77
2014-01-17,17-Jan-2014,61.351,100.212,85.5223,58.78
2014-01-20,20-Jan-2014,61.6345,101.2532,83.4245,59.19
2014-01-21,21-Jan-2014,61.5355,101.0844,83.375,58.87
2014-01-22,22-Jan-2014,61.92,101.976,83.9267,59.3
2014-01-23,23-Jan-2014,61.988,102.6707,83.9765,59.42
2014-01-24,24-Jan-2014,62.177,103.3817,85.0894,60.14
2014-01-27,27-Jan-2014,62.7145,103.504,85.8228,61.21
2014-01-28,28-Jan-2014,62.9898,104.6135,86.1715,61.36
2014-01-29,29-Jan-2014,62.2005,103.116,84.964,60.22
2014-01-30,30-Jan-2014,62.7335,103.8679,85.6075,61.22
2014-01-31,31-Jan-2014,62.4768,102.9493,84.6022,60.96
2014-02-03,03-Feb-2014,62.6891,102.9668,84.578,61.41
2014-02-04,04-Feb-2014,62.6815,101.9765,84.7805,62.12
2014-02-05,05-Feb-2014,62.4525,102.0099,84.3548,61.58
2014-02-06,06-Feb-2014,62.5045,101.9198,84.4994,61.59
2014-02-07,07-Feb-2014,62.3155,101.7768,84.683,61.01
2014-02-10,10-Feb-2014,62.193,102.1396,84.7418,60.74
2014-02-11,11-Feb-2014,62.439,102.4811,85.2813,61.01
2014-02-12,12-Feb-2014,62.125,102.2515,84.7215,60.6
2014-02-13,13-Feb-2014,62.2725,103.4658,84.871,61.02
2014-02-14,14-Feb-2014,62.277,103.6663,85.1755,61.22
2014-02-17,17-Feb-2014,61.9495,104.0194,84.9485,60.97
2014-02-18,18-Feb-2014,62.122,103.9301,85.168,60.51
2014-02-20,20-Feb-2014,62.2843,103.8404,85.6995,61.17
2014-02-21,21-Feb-2014,62.1618,103.4435,85.2685,60.66
2014-02-24,24-Feb-2014,62.1185,103.3838,85.3235,60.71
2014-02-25,25-Feb-2014,61.9765,103.3086,85.1435,60.51
2014-02-26,26-Feb-2014,61.938,103.3126,85.1148,60.53
2014-02-28,28-Feb-2014,62.072,103.6106,85.0285,60.99
2014-03-03,03-Mar-2014,61.8605,103.5235,85.3085,61.01
2014-03-04,04-Mar-2014,61.9045,103.2567,85.1365,60.84
2014-03-05,05-Mar-2014,61.855,103.0566,84.9195,60.56
2014-03-06,06-Mar-2014,61.3242,102.5402,84.1866,59.74
2014-03-07,07-Mar-2014,60.985,102.0706,84.5255,59.22
2014-03-10,10-Mar-2014,61.1965,102.3511,84.945,59.34
2014-03-11,11-Mar-2014,60.6995,100.9675,84.159,58.78
2014-03-12,12-Mar-2014,61.09,101.5927,84.6545,59.39
2014-03-13,13-Mar-2014,61.0155,101.6518,85.0232,59.46
2014-03-14,14-Mar-2014,61.517,102.2166,85.2265,60.57
2014-03-18,18-Mar-2014,60.9453,101.3703,84.8917,59.9
2014-03-19,19-Mar-2014,61.097,101.4149,85.0792,60.18
2014-03-20,20-Mar-2014,61.131,101.1718,84.5925,59.76
2014-03-21,21-Mar-2014,61.0465,100.8061,84.1755,59.64
2014-03-24,24-Mar-2014,60.703,100.1053,83.807,59.26
2014-03-25,25-Mar-2014,60.4935,99.7719,83.6745,59.17
2014-03-26,26-Mar-2014,60.1725,99.3929,83.0915,58.81
2014-03-27,27-Mar-2014,60.1295,99.6466,82.906,58.81
2014-03-28,28-Mar-2014,60.0998,99.8498,82.5765,58.83
2014-04-02,02-Apr-2014,59.6463,99.2097,82.392,57.48
2014-04-03,03-Apr-2014,60.1245,100.0712,82.7412,57.87
2014-04-04,04-Apr-2014,60.321,100.0363,82.6545,58.1
2014-04-07,07-Apr-2014,59.9483,99.3583,82.1525,58.13
2014-04-09,09-Apr-2014,60.074,100.5639,82.7896,58.88
2014-04-10,10-Apr-2014,60.2115,101.0469,83.334,59.18
2014-04-11,11-Apr-2014,60.267,101.0979,83.7385,59.2
2014-04-15,15-Apr-2014,60.262,100.7099,83.27,59.14
2014-04-16,16-Apr-2014,60.2263,100.7887,83.291,58.91
2014-04-17,17-Apr-2014,60.3805,101.6325,83.5737,59.2
2014-04-21,21-Apr-2014,60.335,101.405,83.3835,58.85
2014-04-22,22-Apr-2014,60.7147,102.0432,83.7695,59.25
2014-04-23,23-Apr-2014,61.0683,102.7657,84.486,59.51
2014-04-25,25-Apr-2014,61.1163,102.7059,84.522,59.73
2014-04-28,28-Apr-2014,60.5041,101.6892,83.621,59.17
2014-04-29,29-Apr-2014,60.5253,101.7733,83.916,59.01
2014-04-30,30-Apr-2014,60.3375,101.4515,83.306,58.93
2014-05-02,02-May-2014,60.225,101.6839,83.459,58.77
2014-05-05,05-May-2014,60.0475,101.3181,83.3423,58.88
2014-05-06,06-May-2014,60.202,101.6752,83.5532,59.0
2014-05-07,07-May-2014,60.0399,101.9658,83.584,59.17
2014-05-08,08-May-2014,59.9913,101.7512,83.4805,58.96
2014-05-09,09-May-2014,60.054,101.6534,83.0738,59.06
2014-05-12,12-May-2014,59.729,100.8166,82.2235,58.6
2014-05-13,13-May-2014,59.8773,100.9831,82.4035,58.55
2014-05-15,15-May-2014,59.4745,99.7031,81.5526,58.34
2014-05-16,16-May-2014,58.861,98.8217,80.7166,57.97
2014-05-19,19-May-2014,58.426,98.2842,80.117,57.67
2014-05-20,20-May-2014,58.7455,98.7747,80.5261,57.93
2014-05-21,21-May-2014,58.7725,99.0199,80.5684,58.09
2014-05-22,22-May-2014,58.574,98.8788,80.05,57.62
2014-05-23,23-May-2014,58.483,98.6725,79.8058,57.57
2014-05-26,26-May-2014,58.5873,98.661,79.814,57.48
2014-05-27,27-May-2014,59.0585,99.614,80.6048,57.97
2014-05-28,28-May-2014,59.077,99.2021,80.53,57.98
2014-05-29,29-May-2014,58.8415,98.4065,80.0315,57.85
2014-05-30,30-May-2014,59.0335,98.9106,80.335,58.1
2014-06-02,02-Jun-2014,59.1385,99.0215,80.6285,58.01
2014-06-03,03-Jun-2014,59.2125,99.1691,80.5645,57.88
2014-06-04,04-Jun-2014,59.336,99.1801,80.764,57.76
2014-06-05,05-Jun-2014,59.2973,99.3408,80.6999,57.83
2014-06-06,06-Jun-2014,59.197,99.5161,80.8345,57.85
2014-06-09,09-Jun-2014,59.0605,99.3457,80.616,57.65
2014-06-10,10-Jun-2014,59.2647,99.6299,80.5934,57.95
2014-06-11,11-Jun-2014,59.325,99.4168,80.32,57.99
2014-06-12,12-Jun-2014,59.3283,99.6834,80.3036,58.13
2014-06-13,13-Jun-2014,59.4783,100.9347,80.712,58.28
2014-06-16,16-Jun-2014,60.0059,101.998,81.2541,58.96
2014-06-17,17-Jun-2014,60.368,102.4807,81.8665,59.21
2014-06-18,18-Jun-2014,60.124,102.0004,81.431,58.81
2014-06-19,19-Jun-2014,60.0031,102.0473,81.7106,58.94
2014-06-20,20-Jun-2014,60.2785,102.7688,82.12,59.17
2014-06-23,23-Jun-2014,60.1927,102.5623,81.9065,59.05
2014-06-24,24-Jun-2014,60.105,102.3228,81.752,58.94
2014-06-25,25-Jun-2014,60.2785,102.2806,82.0475,59.15
2014-06-26,26-Jun-2014,60.1618,102.2329,82.044,59.12
2014-06-27,27-Jun-2014,60.0958,102.3972,81.882,59.27
2014-06-30,30-Jun-2014,60.0933,102.3269,82.0094,59.28
2014-07-01,01-Jul-2014,60.137,102.8343,82.283,59.27
2014-07-02,02-Jul-2014,59.9745,102.8982,82.022,59.05
2014-07-03,03-Jul-2014,59.7225,102.4539,81.5415,58.62
2014-07-04,04-Jul-2014,59.7939,102.6601,81.3203,58.6
2014-07-07,07-Jul-2014,59.9455,102.7826,81.3923,58.71
2014-07-08,08-Jul-2014,59.7968,102.42,81.3225,58.73
2014-07-09,09-Jul-2014,59.726,102.3584,81.38,58.79
2014-07-10,10-Jul-2014,59.875,102.5898,81.6925,59.0
2014-07-11,11-Jul-2014,60.1855,103.1459,81.872,59.41
2014-07-14,14-Jul-2014,60.005,102.7166,81.599,59.18
2014-07-15,15-Jul-2014,60.2195,102.7947,81.951,59.27
2014-07-16,16-Jul-2014,60.1903,103.1361,81.656,59.19
2014-07-17,17-Jul-2014,60.1401,103.0019,81.334,59.25
2014-07-18,18-Jul-2014,60.33,103.1824,81.5848,59.54
2014-07-21,21-Jul-2014,60.1853,102.8687,81.4821,59.45
2014-07-22,22-Jul-2014,60.236,102.865,81.4414,59.32
2014-07-23,23-Jul-2014,60.183,102.6842,81.0305,59.34
2014-07-24,24-Jul-2014,60.002,102.1894,80.6785,59.13
2014-07-25,25-Jul-2014,60.1448,102.2161,81.0173,59.11
2014-07-28,28-Jul-2014,60.1013,102.04,80.7385,59.0
2014-07-30,30-Jul-2014,60.1485,101.9216,80.635,58.9
2014-07-31,31-Jul-2014,60.246,101.9242,80.6985,58.61
2014-08-01,01-Aug-2014,60.851,102.6861,81.4615,59.11
2014-08-04,04-Aug-2014,61.0187,102.6945,81.9061,59.41
2014-08-05,05-Aug-2014,60.869,102.6738,81.6955,59.38
2014-08-06,06-Aug-2014,61.336,103.437,81.963,59.8
2014-08-07,07-Aug-2014,61.4123,103.4245,82.1672,60.04
2014-08-08,08-Aug-2014,61.5575,103.5028,82.4125,60.64
2014-08-11,11-Aug-2014,61.1165,102.5352,81.874,59.85
2014-08-12,12-Aug-2014,61.1847,102.5578,81.7762,59.81
2014-08-13,13-Aug-2014,61.2458,103.0154,81.899,59.91
2014-08-14,14-Aug-2014,61.0583,101.8391,81.5552,59.55
2014-08-19,19-Aug-2014,60.726,101.4792,81.0432,59.19
2014-08-20,20-Aug-2014,60.669,100.8076,80.7255,58.8
2014-08-21,21-Aug-2014,60.767,100.7213,80.559,58.53
2014-08-22,22-Aug-2014,60.436,100.2391,80.3535,58.29
2014-08-25,25-Aug-2014,60.427,100.1155,79.7436,58.01
2014-08-26,26-Aug-2014,60.496,100.3266,79.91,58.24
2014-08-27,27-Aug-2014,60.4678,100.1468,79.6545,58.17
2014-08-28,28-Aug-2014,60.4745,100.3514,79.862,58.27
2014-09-01,01-Sep-2014,60.4735,100.4283,79.3957,58.06
2014-09-02,02-Sep-2014,60.61,100.4853,79.5627,57.81
2014-09-03,03-Sep-2014,60.5445,99.7289,79.5434,57.71
2014-09-04,04-Sep-2014,60.454,99.4589,79.4607,57.6
2014-09-05,05-Sep-2014,60.4385,98.6417,78.1953,57.36
2014-09-08,08-Sep-2014,60.2628,97.5112,77.9439,57.33
2014-09-09,09-Sep-2014,60.4277,97.2463,77.9276,56.88
2014-09-10,10-Sep-2014,60.8256,98.1482,78.6597,57.12
2014-09-11,11-Sep-2014,60.9155,98.6587,78.6358,56.96
2014-09-12,12-Sep-2014,60.84,98.7251,78.6418,56.74
2014-09-15,15-Sep-2014,60.9945,99.0978,79.0306,56.85
2014-09-16,16-Sep-2014,61.1015,99.0455,79.0348,56.96
2014-09-17,17-Sep-2014,60.954,99.3245,78.9659,56.87
2014-09-18,18-Sep-2014,61.0558,99.5515,78.5727,56.13
2014-09-19,19-Sep-2014,60.8055,100.0615,78.4695,55.73
2014-09-22,22-Sep-2014,60.7875,99.2964,78.1606,55.83
2014-09-23,23-Sep-2014,60.8708,99.6333,78.2251,55.98
2014-09-24,24-Sep-2014,61.0293,99.9904,78.3738,56.17
2014-09-25,25-Sep-2014,61.0245,99.4272,77.8429,55.87
2014-09-26,26-Sep-2014,61.572,100.4239,78.4489,56.45
2014-09-29,29-Sep-2014,61.4273,99.7272,77.9328,56.07
2014-09-30,30-Sep-2014,61.6135,100.276,78.206,56.36
2014-10-01,01-Oct-2014,61.7511,100.0677,77.9546,56.24
2014-10-07,07-Oct-2014,61.3595,98.709,77.4664,56.5
2014-10-08,08-Oct-2014,61.4648,98.7678,77.6546,56.69
2014-10-09,09-Oct-2014,61.0368,98.6355,77.7426,56.57
2014-10-10,10-Oct-2014,61.1624,98.6244,77.6701,56.74
2014-10-13,13-Oct-2014,61.2455,98.6849,77.6042,57.08
2014-10-14,14-Oct-2014,61.1078,98.1513,77.6802,57.04
2014-10-16,16-Oct-2014,61.4795,98.2381,78.663,57.83
2014-10-17,17-Oct-2014,61.6165,99.1163,78.8938,58.02
2014-10-20,20-Oct-2014,61.2873,98.6235,78.1536,57.14
2014-10-21,21-Oct-2014,61.2967,99.1597,78.5885,57.63
2014-10-22,22-Oct-2014,61.2355,98.6688,77.965,57.27
2014-10-27,27-Oct-2014,61.229,98.5297,77.7547,56.71
2014-10-28,28-Oct-2014,61.3524,98.9307,77.9237,56.89
2014-10-29,29-Oct-2014,61.3175,99.0032,78.143,56.76
2014-10-30,30-Oct-2014,61.4636,98.2127,77.4503,56.34
2014-10-31,31-Oct-2014,61.408,98.0624,77.1899,55.28
2014-11-03,03-Nov-2014,61.4118,98.0624,76.6665,54.48
2014-11-05,05-Nov-2014,61.387,98.0043,76.9854,53.76
2014-11-07,07-Nov-2014,61.5205,97.3931,76.1562,53.31
2014-11-10,10-Nov-2014,61.4513,97.7567,76.6789,53.86
2014-11-11,11-Nov-2014,61.55,97.526,76.482,53.43
2014-11-12,12-Nov-2014,61.4785,97.923,76.7866,53.34
2014-11-13,13-Nov-2014,61.556,97.0984,76.6126,53.18
2014-11-14,14-Nov-2014,61.6475,96.54,76.6957,53.04
2014-11-17,17-Nov-2014,61.678,96.9393,77.3565,53.28
2014-11-18,18-Nov-2014,61.808,96.7666,77.0931,52.97
2014-11-19,19-Nov-2014,61.828,96.5568,77.421,52.71
2014-11-20,20-Nov-2014,62.1044,97.3176,77.91,52.34
2014-11-21,21-Nov-2014,61.8505,97.0125,77.6224,52.53
2014-11-24,24-Nov-2014,61.7798,96.7842,76.5946,52.41
2014-11-25,25-Nov-2014,61.9195,97.1207,76.9288,52.52
2014-11-26,26-Nov-2014,61.8658,97.2283,77.2147,52.56
2014-11-27,27-Nov-2014,61.865,97.691,77.3746,52.71
2014-11-28,28-Nov-2014,61.9736,97.3667,77.1633,52.45
2014-12-01,01-Dec-2014,62.1377,97.0529,77.3677,52.26
2014-12-02,02-Dec-2014,61.9255,97.3902,77.2149,52.31
2014-12-03,03-Dec-2014,61.8866,96.8278,76.5723,51.93
2014-12-04,04-Dec-2014,61.8771,97.0171,76.1274,51.6
2014-12-05,05-Dec-2014,61.8535,96.7265,76.5313,51.51
2014-12-08,08-Dec-2014,61.9253,96.3743,76.1,50.98
2014-12-09,09-Dec-2014,61.875,96.9024,76.2919,51.61
2014-12-10,10-Dec-2014,61.95,97.1562,76.7499,51.98
2014-12-11,11-Dec-2014,62.2059,97.8001,77.4837,52.68
2014-12-12,12-Dec-2014,62.4422,98.1529,77.3846,52.49
2014-12-15,15-Dec-2014,62.6529,98.5342,78.0154,52.94
2014-12-16,16-Dec-2014,63.4135,99.3055,79.0005,54.09
2014-12-17,17-Dec-2014,63.5813,99.9816,79.394,54.34
2014-12-18,18-Dec-2014,63.3161,98.6781,78.1067,53.39
2014-12-19,19-Dec-2014,63.067,98.7314,77.4589,52.8
2014-12-22,22-Dec-2014,63.1757,98.851,77.4155,52.88
2014-12-23,23-Dec-2014,63.4475,98.8829,77.6217,52.82
2014-12-24,24-Dec-2014,63.4614,98.5111,77.3087,52.73
2014-12-26,26-Dec-2014,63.6355,98.9787,77.7435,52.93
2014-12-29,29-Dec-2014,63.6539,99.1409,77.6005,52.9
2014-12-30,30-Dec-2014,63.7498,98.8759,77.3221,53.0
2014-12-31,31-Dec-2014,63.3315,98.5818,77.0048,52.93
2015-01-01,01-Jan-2015,63.3213,98.6356,76.5998,52.91
2015-01-02,02-Jan-2015,63.2878,98.3872,76.3061,52.59
2015-01-05,05-Jan-2015,63.3888,96.8454,75.6672,52.61
2015-01-06,06-Jan-2015,63.385,96.7192,75.7958,53.25
2015-01-07,07-Jan-2015,63.4495,95.9864,75.2765,53.3
2015-01-08,08-Jan-2015,62.967,94.9731,74.427,52.53
2015-01-09,09-Jan-2015,62.3953,94.167,73.614,52.23
2015-01-12,12-Jan-2015,62.1605,94.2788,73.7348,52.62
2015-01-13,13-Jan-2015,62.1021,94.0971,73.4171,52.28
2015-01-14,14-Jan-2015,62.153,94.2426,73.297,53.08
2015-01-15,15-Jan-2015,61.7588,94.0154,72.6345,52.4
2015-01-16,16-Jan-2015,61.8933,93.9231,72.0067,53.08
2015-01-19,19-Jan-2015,61.699,93.4123,71.3302,52.68
2015-01-20,20-Jan-2015,61.8475,93.266,71.5699,52.23
2015-01-21,21-Jan-2015,61.614,93.4931,71.3798,52.39
2015-01-22,22-Jan-2015,61.691,93.3261,71.4875,52.17
2015-01-23,23-Jan-2015,61.4988,92.1621,69.6166,51.95
2015-01-27,27-Jan-2015,61.464,92.7676,69.0302,52.0
2015-01-28,28-Jan-2015,61.4105,93.1843,69.8237,52.06
2015-01-29,29-Jan-2015,61.4998,93.123,69.3287,52.25
2015-01-30,30-Jan-2015,61.7575,93.1303,70.0268,52.4
2015-02-02,02-Feb-2015,61.884,93.2716,69.9413,52.61
2015-02-03,03-Feb-2015,61.7389,92.7071,69.9378,52.76
2015-02-04,04-Feb-2015,61.68,93.5316,70.747,52.42
2015-02-05,05-Feb-2015,61.8748,94.0683,70.1908,52.8
2015-02-06,06-Feb-2015,61.7363,94.6541,70.7868,52.63
2015-02-09,09-Feb-2015,62.141,94.7899,70.3809,52.29
2015-02-10,10-Feb-2015,61.9634,94.4136,70.2045,52.25
2015-02-11,11-Feb-2015,62.1536,94.7221,70.333,52.0
2015-02-12,12-Feb-2015,62.43,95.0185,70.6333,51.95
2015-02-13,13-Feb-2015,62.136,95.7764,71.0525,52.34
2015-02-16,16-Feb-2015,62.2023,95.9968,71.0039,52.46
2015-02-18,18-Feb-2015,62.245,95.571,71.0091,52.32
2015-02-20,20-Feb-2015,62.255,96.0097,70.7217,52.35
2015-02-23,23-Feb-2015,62.1838,95.7071,70.7589,52.28
2015-02-24,24-Feb-2015,62.2758,96.2099,70.6021,52.24
2015-02-25,25-Feb-2015,62.0468,96.0298,70.4293,52.28
2015-02-26,26-Feb-2015,61.9395,96.2416,70.388,52.06
2015-02-27,27-Feb-2015,61.7908,95.4235,69.286,51.85
2015-03-02,02-Mar-2015,61.8248,95.2658,69.1387,51.62
2015-03-03,03-Mar-2015,61.8387,95.1388,69.247,51.68
2015-03-04,04-Mar-2015,61.8543,94.9649,69.0974,51.7
2015-03-05,05-Mar-2015,62.2015,94.7142,68.602,51.89
2015-03-09,09-Mar-2015,62.616,94.3936,67.9634,51.76
2015-03-10,10-Mar-2015,62.6983,94.549,67.6577,51.47
2015-03-11,11-Mar-2015,62.745,94.6006,67.0995,51.74
2015-03-12,12-Mar-2015,62.5665,93.5682,65.9451,51.57
2015-03-13,13-Mar-2015,62.6733,93.1639,66.4212,51.6
2015-03-16,16-Mar-2015,62.8215,92.825,66.1699,51.84
2015-03-17,17-Mar-2015,62.692,92.991,66.372,51.69
2015-03-18,18-Mar-2015,62.672,92.46,66.3383,51.64
2015-03-19,19-Mar-2015,62.4208,92.9945,67.2896,51.79
2015-03-20,20-Mar-2015,62.4923,92.2636,66.8043,51.79
2015-03-23,23-Mar-2015,62.2879,93.0207,67.3644,51.95
2015-03-24,24-Mar-2015,62.1988,92.9312,68.033,51.99
2015-03-25,25-Mar-2015,62.3419,92.6463,68.121,52.07
2015-03-26,26-Mar-2015,62.6728,93.2634,68.8523,52.75
2015-03-27,27-Mar-2015,62.6069,92.9525,68.1476,52.53
2015-03-30,30-Mar-2015,62.6305,92.9437,68.0606,52.52
2015-03-31,31-Mar-2015,62.5908,92.4591,67.5104,52.11
2015-04-06,06-Apr-2015,62.158,92.7335,68.2308,52.23
2015-04-07,07-Apr-2015,62.3321,92.8312,68.0791,52.14
2015-04-08,08-Apr-2015,62.3295,92.5281,67.5963,51.98
2015-04-09,09-Apr-2015,62.256,92.4937,66.9937,51.77
2015-04-10,10-Apr-2015,62.366,91.6032,66.4884,51.74
2015-04-13,13-Apr-2015,62.3885,91.056,66.163,51.83
2015-04-15,15-Apr-2015,62.4026,92.1499,66.4837,52.19
2015-04-16,16-Apr-2015,62.3685,92.4426,66.5597,52.27
2015-04-17,17-Apr-2015,62.346,93.095,67.1342,52.41
2015-04-20,20-Apr-2015,62.5633,93.5634,67.4933,52.74
2015-04-21,21-Apr-2015,62.92,93.5746,67.3433,52.65
2015-04-22,22-Apr-2015,62.8183,93.8505,67.5862,52.55
2015-04-23,23-Apr-2015,63.185,94.9355,67.6585,52.75
2015-04-24,24-Apr-2015,63.4006,95.4242,68.4853,53.04
2015-04-27,27-Apr-2015,63.6115,96.5559,69.1839,53.45
2015-04-28,28-Apr-2015,63.3305,96.5157,68.9289,53.2
2015-04-29,29-Apr-2015,63.2025,97.0095,69.3395,53.08
2015-04-30,30-Apr-2015,63.578,97.9864,70.5334,53.53
2015-05-05,05-May-2015,63.5194,95.9588,70.5383,52.86
2015-05-06,06-May-2015,63.6425,96.8066,71.5087,53.1
2015-05-07,07-May-2015,63.88,97.2062,72.5102,53.47
2015-05-08,08-May-2015,64.0493,99.0394,71.7608,53.41
2015-05-11,11-May-2015,63.8495,98.4687,71.5114,53.25
2015-05-12,12-May-2015,64.202,100.0331,71.9127,53.43
2015-05-13,13-May-2015,64.1895,100.5785,72.0784,53.54
2015-05-14,14-May-2015,63.838,100.647,72.8775,53.68
2015-05-15,15-May-2015,63.5788,100.2956,72.3781,53.2
2015-05-18,18-May-2015,63.5543,99.8629,72.6743,53.12
2015-05-19,19-May-2015,63.6868,99.7272,71.9024,53.09
2015-05-20,20-May-2015,63.8655,98.8893,70.731,52.76
2015-05-21,21-May-2015,63.7,98.9197,70.6688,52.59
2015-05-22,22-May-2015,63.5728,99.6694,70.9282,52.66
2015-05-25,25-May-2015,63.6228,98.5072,69.9342,52.34
2015-05-26,26-May-2015,63.845,98.3788,69.6421,52.11
2015-05-27,27-May-2015,63.9475,98.639,69.8562,52.02
2015-05-28,28-May-2015,63.901,98.1647,69.7352,51.6
2015-05-29,29-May-2015,63.7615,97.7974,69.9081,51.48
2015-06-01,01-Jun-2015,63.6083,97.2698,69.6256,51.2
2015-06-02,02-Jun-2015,63.833,97.1028,69.7376,51.21
2015-06-03,03-Jun-2015,63.8515,98.1206,71.2838,51.52
2015-06-04,04-Jun-2015,64.1775,98.3007,72.251,51.6
2015-06-05,05-Jun-2015,63.8955,97.9774,71.8185,51.33
2015-06-08,08-Jun-2015,64.11,97.8447,71.1172,51.06
2015-06-09,09-Jun-2015,63.936,98.2696,72.3692,51.46
2015-06-10,10-Jun-2015,63.8849,98.4722,72.1452,51.94
2015-06-11,11-Jun-2015,63.891,98.8969,72.3118,51.85
2015-06-12,12-Jun-2015,64.0301,99.2723,71.8994,51.85
2015-06-15,15-Jun-2015,64.0868,99.5717,71.8413,51.93
2015-06-16,16-Jun-2015,64.1505,100.0363,72.272,51.91
2015-06-17,17-Jun-2015,64.1135,100.3184,72.1662,51.91
2015-06-18,18-Jun-2015,63.8495,100.9971,72.4564,51.89
2015-06-19,19-Jun-2015,63.8195,101.256,72.3585,51.83
2015-06-22,22-Jun-2015,63.5098,100.9361,72.3186,51.73
2015-06-23,23-Jun-2015,63.6406,100.4121,71.6275,51.46
2015-06-24,24-Jun-2015,63.66,100.5,71.3119,51.38
2015-06-25,25-Jun-2015,63.6121,99.7947,71.1692,51.4
2015-06-26,26-Jun-2015,63.6042,100.0939,71.2303,51.54
2015-06-29,29-Jun-2015,63.917,100.4008,70.411,52.17
2015-06-30,30-Jun-2015,63.7549,100.1207,71.2015,52.07
2015-07-01,01-Jul-2015,63.6223,99.8934,70.7671,51.85
2015-07-02,02-Jul-2015,63.5705,99.2018,70.3535,51.52
2015-07-03,03-Jul-2015,63.3963,98.9426,70.3319,51.49
2015-07-06,06-Jul-2015,63.5785,99.1062,70.2924,51.89
2015-07-07,07-Jul-2015,63.3749,98.8585,69.9659,51.67
2015-07-08,08-Jul-2015,63.569,98.2205,69.9323,52.17
2015-07-09,09-Jul-2015,63.5065,97.8508,70.4986,52.3
2015-07-10,10-Jul-2015,63.3793,97.6548,70.4334,51.97
2015-07-13,13-Jul-2015,63.4655,98.4731,70.6942,51.77
2015-07-14,14-Jul-2015,63.4978,98.1993,69.7269,51.48
2015-07-15,15-Jul-2015,63.3847,99.1337,69.6851,51.34
2015-07-16,16-Jul-2015,63.4955,99.1736,69.3942,51.28
2015-07-17,17-Jul-2015,63.4928,99.4297,69.1437,51.2
2015-07-20,20-Jul-2015,63.551,99.1014,68.8321,51.2
2015-07-21,21-Jul-2015,63.6506,99.1358,68.9081,51.17
2015-07-22,22-Jul-2015,63.5283,99.1931,69.6016,51.38
2015-07-23,23-Jul-2015,63.7138,99.5719,69.6264,51.37
2015-07-24,24-Jul-2015,63.8916,99.1023,70.121,51.56
2015-07-27,27-Jul-2015,64.0028,99.4348,70.6143,51.85
2015-07-28,28-Jul-2015,64.027,99.7156,70.8843,51.84
2015-07-29,29-Jul-2015,63.8943,99.7134,70.6288,51.75
2015-07-30,30-Jul-2015,64.0061,99.8303,70.0739,51.53
2015-07-31,31-Jul-2015,64.0054,99.8356,70.1627,51.55
2015-08-03,03-Aug-2015,63.9623,99.9347,70.1602,51.56
2015-08-04,04-Aug-2015,63.9315,99.8226,70.0497,51.59
2015-08-05,05-Aug-2015,63.8159,99.1508,69.3104,51.29
2015-08-06,06-Aug-2015,63.7603,99.6,69.7091,51.11
2015-08-07,07-Aug-2015,63.8061,98.925,69.6571,51.13
2015-08-10,10-Aug-2015,63.759,98.7563,69.8799,51.22
2015-08-11,11-Aug-2015,64.1732,99.8471,70.3595,51.37
2015-08-12,12-Aug-2015,64.827,101.0005,71.8218,51.91
2015-08-13,13-Aug-2015,64.9212,101.4394,72.2573,52.16
2015-08-14,14-Aug-2015,65.1225,101.6171,72.5595,52.35
2015-08-17,17-Aug-2015,65.22,102.2324,72.3942,52.42
2015-08-19,19-Aug-2015,65.2525,102.2507,72.1954,52.5
2015-08-20,20-Aug-2015,65.2385,102.2092,72.5713,52.59
2015-08-21,21-Aug-2015,65.8298,103.3857,74.2692,53.55
2015-08-24,24-Aug-2015,66.5093,104.0072,76.2729,54.97
2015-08-25,25-Aug-2015,66.709,105.1,77.1089,56.01
2015-08-26,26-Aug-2015,66.161,103.8794,75.8867,55.28
2015-08-27,27-Aug-2015,66.0605,102.3475,74.9655,55.08
2015-08-28,28-Aug-2015,66.0808,101.923,74.3673,54.54
2015-08-31,31-Aug-2015,66.3062,102.3105,74.495,54.75
2015-09-01,01-Sep-2015,66.2603,101.9945,74.788,55.05
2015-09-02,02-Sep-2015,66.1638,101.2174,74.6063,55.09
2015-09-03,03-Sep-2015,66.228,101.2229,74.3343,54.98
2015-09-04,04-Sep-2015,66.4003,101.1941,73.8903,55.57
2015-09-07,07-Sep-2015,66.7445,101.3649,74.2733,55.93
2015-09-08,08-Sep-2015,66.606,102.3002,74.6054,55.6
2015-09-09,09-Sep-2015,66.2945,101.888,73.9847,55.07
2015-09-10,10-Sep-2015,66.584,102.293,74.7139,55.14
2015-09-11,11-Sep-2015,66.3866,102.5939,74.8974,55.0
2015-09-14,14-Sep-2015,66.3708,102.5429,75.3242,55.18
2015-09-15,15-Sep-2015,66.4383,102.408,75.0487,55.55
2015-09-16,16-Sep-2015,66.5,101.9977,75.0253,55.34
2015-09-18,18-Sep-2015,65.9255,102.7515,75.1287,55.01
2015-09-21,21-Sep-2015,65.7531,102.1672,74.3799,54.83
2015-09-22,22-Sep-2015,65.625,101.7319,73.2638,54.5
2015-09-23,23-Sep-2015,65.9696,101.1908,73.378,54.92
2015-09-24,24-Sep-2015,66.0993,100.8874,73.9585,55.08
2015-09-28,28-Sep-2015,66.0805,100.3168,73.8119,54.92
2015-09-29,29-Sep-2015,66.1843,100.4611,74.6096,55.42
2015-09-30,30-Sep-2015,65.7418,99.5331,73.7952,54.8
2015-10-01,01-Oct-2015,65.554,99.1701,73.0796,54.54
2015-10-05,05-Oct-2015,65.2905,99.3134,73.3931,54.39
2015-10-06,06-Oct-2015,65.3908,99.054,73.1919,54.41
2015-10-07,07-Oct-2015,65.2571,99.5301,73.4664,54.34
2015-10-08,08-Oct-2015,65.157,99.7814,73.3277,54.41
2015-10-09,09-Oct-2015,64.7848,99.5418,73.0837,53.96
2015-10-12,12-Oct-2015,64.726,99.2962,73.5999,53.86
2015-10-13,13-Oct-2015,65.0215,99.886,73.9164,54.26
2015-10-14,14-Oct-2015,65.1123,99.4981,74.241,54.41
2015-10-15,15-Oct-2015,64.824,100.4124,74.5022,54.61
2015-10-16,16-Oct-2015,64.9697,100.5536,73.994,54.54
2015-10-19,19-Oct-2015,64.8178,100.1176,73.7497,54.36
2015-10-20,20-Oct-2015,64.8908,100.3926,73.5213,54.33
2015-10-21,21-Oct-2015,65.1513,100.535,73.9728,54.31
2015-10-23,23-Oct-2015,64.8815,99.8851,72.0639,53.79
2015-10-26,26-Oct-2015,64.9603,99.5452,71.6447,53.63
2015-10-27,27-Oct-2015,64.9553,99.7324,71.8406,53.83
2015-10-28,28-Oct-2015,65.0408,99.584,71.753,54.01
2015-10-29,29-Oct-2015,65.1515,99.3626,71.2497,53.93
2015-10-30,30-Oct-2015,65.2231,99.9348,71.6671,53.92
2015-11-02,02-Nov-2015,65.4793,101.0608,72.2171,54.38
2015-11-03,03-Nov-2015,65.451,100.9647,72.1008,54.24
2015-11-04,04-Nov-2015,65.568,101.1255,71.797,54.17
2015-11-05,05-Nov-2015,65.6755,101.0221,71.3499,54.05
2015-11-06,06-Nov-2015,65.791,99.9497,71.5477,54.0
2015-11-09,09-Nov-2015,66.3378,100.0308,71.4458,53.79
2015-11-10,10-Nov-2015,66.3495,100.2806,71.2992,53.8
2015-11-13,13-Nov-2015,66.139,100.5511,71.2648,53.9
2015-11-16,16-Nov-2015,66.169,100.6563,70.9729,54.05
2015-11-17,17-Nov-2015,65.9805,100.1056,70.3484,53.48
2015-11-18,18-Nov-2015,66.1138,100.5128,70.3914,53.63
2015-11-19,19-Nov-2015,66.1105,101.0301,70.7779,53.62
2015-11-20,20-Nov-2015,66.094,101.0379,70.8594,53.82
2015-11-23,23-Nov-2015,66.349,100.6647,70.4693,53.87
2015-11-24,24-Nov-2015,66.384,100.4523,70.5529,54.1
2015-11-26,26-Nov-2015,66.5507,100.6446,70.6968,54.3
2015-11-27,27-Nov-2015,66.7503,100.6795,70.8755,54.53
2015-11-30,30-Nov-2015,66.8148,100.3692,70.6834,54.41
2015-12-01,01-Dec-2015,66.518,100.4355,70.4359,54.13
2015-12-02,02-Dec-2015,66.6158,100.3434,70.666,54.12
2015-12-03,03-Dec-2015,66.745,99.6102,70.6696,54.08
2015-12-04,04-Dec-2015,66.8365,101.0434,73.0456,54.51
2015-12-07,07-Dec-2015,66.6263,100.6524,72.4028,54.05
2015-12-08,08-Dec-2015,66.7983,100.4914,72.5162,54.27
2015-12-09,09-Dec-2015,66.75,100.2919,72.891,54.4
2015-12-10,10-Dec-2015,66.7905,101.3679,73.4629,54.91
2015-12-11,11-Dec-2015,66.786,101.1006,73.104,54.75
2015-12-14,14-Dec-2015,66.994,101.784,73.4656,55.29
2015-12-15,15-Dec-2015,67.0435,101.6715,73.9289,55.49
2015-12-16,16-Dec-2015,66.8468,100.5777,73.1571,54.84
2015-12-17,17-Dec-2015,66.6488,99.6133,72.3273,54.43
2015-12-18,18-Dec-2015,66.4235,99.1703,72.1359,54.48
2015-12-21,21-Dec-2015,66.324,98.9886,72.134,54.67
2015-12-22,22-Dec-2015,66.2985,98.7052,72.3317,54.68
2015-12-23,23-Dec-2015,66.202,98.2967,72.4117,54.74
2015-12-28,28-Dec-2015,66.138,98.6911,72.5534,54.92
2015-12-29,29-Dec-2015,66.37,98.9112,72.8477,55.16
2015-12-30,30-Dec-2015,66.4243,98.5471,72.6018,55.17
2015-12-31,31-Dec-2015,66.326,98.3482,72.501,55.09
2016-01-01,01-Jan-2016,66.178,97.6059,71.8627,55.01
2016-01-04,04-Jan-2016,66.4623,97.9455,72.3907,55.65
2016-01-05,05-Jan-2016,66.5418,97.9562,72.0315,55.71
2016-01-06,06-Jan-2016,66.7165,97.773,71.7002,56.19
2016-01-07,07-Jan-2016,66.9115,97.8514,72.3782,56.78
2016-01-08,08-Jan-2016,66.669,97.4501,72.5292,56.32
2016-01-11,11-Jan-2016,66.7885,97.057,72.9264,56.93
2016-01-12,12-Jan-2016,66.8905,97.1518,72.7434,56.91
2016-01-13,13-Jan-2016,66.8394,96.603,72.4272,56.57
2016-01-14,14-Jan-2016,67.095,96.6369,72.9725,57.01
2016-01-15,15-Jan-2016,67.4325,97.1095,73.3868,57.25
2016-01-18,18-Jan-2016,67.588,96.4819,73.6101,57.68
2016-01-19,19-Jan-2016,67.563,96.4192,73.5018,57.37
2016-01-20,20-Jan-2016,67.9774,96.2016,74.4828,58.24
2016-01-21,21-Jan-2016,68.06,96.5567,74.165,58.3
2016-01-22,22-Jan-2016,67.748,96.4461,73.405,57.38
2016-01-25,25-Jan-2016,67.6428,96.736,73.1219,56.93
2016-01-27,27-Jan-2016,67.9803,97.5109,73.813,57.45
2016-01-28,28-Jan-2016,68.0858,97.0155,74.0637,57.36
2016-01-29,29-Jan-2016,67.8763,97.7554,74.0666,56.26
2016-02-01,01-Feb-2016,67.6728,96.5149,73.4115,55.78
2016-02-02,02-Feb-2016,67.834,97.6131,73.9323,56.21
2016-02-03,03-Feb-2016,68.1825,98.3192,74.4553,56.98
2016-02-04,04-Feb-2016,67.8093,98.7914,75.1327,57.42
2016-02-05,05-Feb-2016,67.6365,98.472,75.7326,57.91
2016-02-08,08-Feb-2016,67.819,98.3308,75.5368,57.75
2016-02-09,09-Feb-2016,68.1623,98.2696,76.3827,59.39
2016-02-10,10-Feb-2016,67.8781,98.2943,76.648,59.21
2016-02-11,11-Feb-2016,68.0155,98.8061,76.8439,60.54
2016-02-12,12-Feb-2016,68.4365,98.9797,77.3606,60.94
2016-02-15,15-Feb-2016,68.1348,99.0067,76.5086,59.84
2016-02-16,16-Feb-2016,68.336,98.4312,76.2425,59.68
2016-02-17,17-Feb-2016,68.592,98.018,76.6104,60.32
2016-02-18,18-Feb-2016,68.494,97.8642,76.3297,60.15
2016-02-22,22-Feb-2016,68.5517,97.8438,76.1952,60.75
2016-02-23,23-Feb-2016,68.6408,96.8934,75.7657,61.12
2016-02-24,24-Feb-2016,68.565,95.8127,75.4695,61.27
2016-02-25,25-Feb-2016,68.599,95.5721,75.6784,61.01
2016-02-26,26-Feb-2016,68.7775,96.089,76.0404,61.03
2016-02-29,29-Feb-2016,68.616,95.1978,75.0796,60.78
2016-03-01,01-Mar-2016,68.158,95.0395,74.2172,60.5
2016-03-02,02-Mar-2016,67.7022,94.6003,73.5314,59.42
2016-03-03,03-Mar-2016,67.3786,94.896,73.1664,59.05
2016-03-04,04-Mar-2016,67.2713,95.2158,73.6688,59.1
2016-03-08,08-Mar-2016,67.338,95.9028,74.193,59.59
2016-03-09,09-Mar-2016,67.4632,95.6965,74.0611,59.92
2016-03-10,10-Mar-2016,67.051,95.2258,73.622,58.99
2016-03-11,11-Mar-2016,67.0868,95.753,74.9427,59.13
2016-03-14,14-Mar-2016,67.023,96.3389,74.8044,58.9
2016-03-15,15-Mar-2016,67.229,95.9223,74.6444,59.31
2016-03-16,16-Mar-2016,67.368,95.1708,74.7583,59.4
2016-03-17,17-Mar-2016,66.8806,95.1644,75.0735,59.59
2016-03-18,18-Mar-2016,66.6088,96.323,75.3012,59.87
2016-03-21,21-Mar-2016,66.504,95.8722,74.9168,59.66
2016-03-22,22-Mar-2016,66.5411,95.7526,74.8987,59.37
2016-03-23,23-Mar-2016,66.864,94.9268,74.9077,59.52
2016-03-28,28-Mar-2016,66.668,94.3019,74.4215,58.72
2016-03-29,29-Mar-2016,66.558,94.6654,74.4717,58.58
2016-03-30,30-Mar-2016,66.4105,95.6311,75.0306,59.11
2016-03-31,31-Mar-2016,66.3329,95.0882,75.0955,59.06
2016-04-04,04-Apr-2016,66.243,94.1578,75.3713,59.44
2016-04-05,05-Apr-2016,66.3248,94.42,75.524,59.98
2016-04-06,06-Apr-2016,66.5807,94.0918,75.629,60.31
2016-04-07,07-Apr-2016,66.4698,94.0415,75.8952,61.04
2016-04-11,11-Apr-2016,66.3925,93.786,75.7538,61.53
2016-04-12,12-Apr-2016,66.495,94.7487,75.9107,61.38
2016-04-13,13-Apr-2016,66.4293,94.6684,75.4637,60.98
2016-04-18,18-Apr-2016,66.6663,94.3928,75.2596,61.73
2016-04-20,20-Apr-2016,66.2406,95.2076,75.2758,60.82
2016-04-21,21-Apr-2016,66.293,95.1437,74.8978,60.48
2016-04-22,22-Apr-2016,66.4925,95.4433,75.1033,60.15
2016-04-25,25-Apr-2016,66.6839,96.3249,74.9527,59.99
2016-04-26,26-Apr-2016,66.733,96.7695,75.1814,60.22
2016-04-27,27-Apr-2016,66.546,96.9242,75.177,59.85
2016-04-28,28-Apr-2016,66.4045,96.831,75.4222,61.32
2016-04-29,29-Apr-2016,66.5176,97.4017,75.7303,61.96
2016-05-02,02-May-2016,66.3435,97.0207,76.0562,62.31
2016-05-03,03-May-2016,66.2698,97.569,76.6145,62.65
2016-05-04,04-May-2016,66.5388,96.8273,76.4597,62.21
2016-05-05,05-May-2016,66.5105,96.5865,76.3807,62.15
2016-05-06,06-May-2016,66.583,96.3456,75.9313,62.13
2016-05-09,09-May-2016,66.4379,95.7702,75.8056,61.73
2016-05-10,10-May-2016,66.7224,96.1069,75.9568,61.35
2016-05-11,11-May-2016,66.6958,96.4355,75.9665,61.43
2016-05-12,12-May-2016,66.5977,96.1538,76.0612,61.16
2016-05-13,13-May-2016,66.7609,96.1557,75.7202,61.47
2016-05-16,16-May-2016,66.8216,95.9625,75.5953,61.45
2016-05-17,17-May-2016,66.7233,96.5953,75.4907,61.07
2016-05-18,18-May-2016,66.9131,96.6091,75.4847,61.25
2016-05-19,19-May-2016,67.2307,98.0493,75.453,61.01
2016-05-20,20-May-2016,67.4076,98.4555,75.5437,61.17
2016-05-23,23-May-2016,67.3492,97.7641,75.6197,61.38
2016-05-24,24-May-2016,67.706,98.0654,75.9323,61.97
2016-05-25,25-May-2016,67.4467,98.5599,75.2098,61.32
2016-05-26,26-May-2016,67.2855,98.9501,75.2185,61.34
2016-05-27,27-May-2016,67.0613,98.3923,75.0885,61.12
2016-05-30,30-May-2016,67.3398,98.4373,74.8415,60.49
2016-05-31,31-May-2016,67.203,98.654,74.7902,60.4
2016-06-01,01-Jun-2016,67.3526,97.5333,74.9634,61.31
2016-06-02,02-Jun-2016,67.2533,97.0465,75.3035,61.58
2016-06-03,03-Jun-2016,67.2415,96.9017,74.9944,61.83
2016-06-06,06-Jun-2016,66.9614,96.17,75.9409,62.6
2016-06-07,07-Jun-2016,66.8305,96.9376,75.9194,62.1
2016-06-08,08-Jun-2016,66.737,97.0823,75.8199,62.26
2016-06-09,09-Jun-2016,66.625,96.7195,75.8925,62.41
2016-06-10,10-Jun-2016,66.7948,96.5719,75.4714,62.4
2016-06-13,13-Jun-2016,67.0737,95.1172,75.5116,63.32
2016-06-14,14-Jun-2016,67.152,95.1007,75.7542,63.46
2016-06-15,15-Jun-2016,67.1596,95.1114,75.2859,63.19
2016-06-16,16-Jun-2016,67.2068,95.2388,75.816,64.55
2016-06-17,17-Jun-2016,67.1682,95.5535,75.4568,64.39
2016-06-20,20-Jun-2016,67.4087,98.1538,76.5358,64.44
2016-06-21,21-Jun-2016,67.4767,99.2582,76.4511,64.59
2016-06-22,22-Jun-2016,67.557,99.1534,76.0354,64.61
2016-06-23,23-Jun-2016,67.3702,99.4721,76.3776,64.52
2016-06-24,24-Jun-2016,68.0144,92.9553,75.1015,66.45
2016-06-27,27-Jun-2016,67.9,90.9113,74.8801,66.69
2016-06-28,28-Jun-2016,67.8867,90.1739,75.0623,66.69
2016-06-29,29-Jun-2016,67.7443,90.4928,75.02,66.21
2016-06-30,30-Jun-2016,67.6166,90.5183,75.0071,65.91
2016-07-01,01-Jul-2016,67.441,89.5482,74.7449,65.67
2016-07-04,04-Jul-2016,67.1848,89.302,74.8304,65.47
2016-07-05,05-Jul-2016,67.4028,89.1537,75.0328,66.06
2016-07-07,07-Jul-2016,67.4972,87.6114,74.8274,67.0
2016-07-08,08-Jul-2016,67.4584,87.3182,74.7169,67.15
2016-07-11,11-Jul-2016,67.1426,86.9161,74.1053,65.89
2016-07-12,12-Jul-2016,67.1471,87.862,74.446,64.94
2016-07-13,13-Jul-2016,67.2046,89.288,74.3484,64.53
2016-07-14,14-Jul-2016,66.9136,88.5468,74.3544,63.38
2016-07-15,15-Jul-2016,67.0655,89.9281,74.6037,63.38
2016-07-18,18-Jul-2016,67.1015,88.6881,74.1673,63.51
2016-07-19,19-Jul-2016,67.1462,88.7203,74.3443,63.35
2016-07-20,20-Jul-2016,67.172,88.0423,73.99,63.23
2016-07-21,21-Jul-2016,67.2035,88.9774,74.1523,62.73
2016-07-22,22-Jul-2016,67.1355,88.9478,74.0303,63.41
2016-07-25,25-Jul-2016,67.243,88.3506,73.7992,63.37
2016-07-26,26-Jul-2016,67.368,88.1712,74.1654,64.58
2016-07-27,27-Jul-2016,67.2362,88.3013,73.8859,63.57
2016-07-28,28-Jul-2016,67.055,88.4254,74.364,64.07
2016-07-29,29-Jul-2016,67.034,88.2972,74.2737,64.69
2016-08-01,01-Aug-2016,66.7412,88.4388,74.5165,65.08
2016-08-02,02-Aug-2016,66.7612,88.0313,74.599,65.32
2016-08-03,03-Aug-2016,66.9368,89.0126,74.9893,66.26
2016-08-04,04-Aug-2016,66.9447,89.0699,74.5965,65.95
2016-08-05,05-Aug-2016,66.8141,87.747,74.451,66.13
2016-08-08,08-Aug-2016,66.7407,87.2768,74.0622,65.4
2016-08-09,09-Aug-2016,66.9633,86.992,74.1752,65.36
2016-08-10,10-Aug-2016,66.7442,87.0411,74.3797,65.84
2016-08-11,11-Aug-2016,66.8571,86.9543,74.6526,65.91
2016-08-12,12-Aug-2016,66.8252,86.6255,74.4633,65.44
2016-08-16,16-Aug-2016,66.8983,86.3389,75.0198,66.68
2016-08-18,18-Aug-2016,66.7939,87.2596,75.5773,66.84
2016-08-19,19-Aug-2016,66.9296,87.9723,75.8714,66.82
2016-08-22,22-Aug-2016,67.194,87.6747,75.8083,66.67
2016-08-23,23-Aug-2016,67.0885,88.2885,76.0381,67.03
2016-08-24,24-Aug-2016,67.132,88.386,75.8055,66.9
2016-08-25,25-Aug-2016,67.0876,88.6563,75.5943,66.84
2016-08-26,26-Aug-2016,67.0299,88.5934,75.7371,66.72
2016-08-29,29-Aug-2016,67.181,88.0138,75.1823,65.62
2016-08-30,30-Aug-2016,67.0879,87.6906,74.9439,65.61
2016-08-31,31-Aug-2016,66.9813,87.6852,74.6239,64.89
2016-09-01,01-Sep-2016,66.9539,88.0511,74.6603,64.78
2016-09-02,02-Sep-2016,66.8405,88.704,74.8012,64.52
2016-09-06,06-Sep-2016,66.5469,88.6471,74.1665,64.2
2016-09-07,07-Sep-2016,66.3618,89.0376,74.6902,65.46
2016-09-08,08-Sep-2016,66.4483,88.6088,74.7676,65.33
2016-09-09,09-Sep-2016,66.5462,88.5863,75.0242,65.13
2016-09-12,12-Sep-2016,66.9017,88.7719,75.2176,65.26
2016-09-14,14-Sep-2016,66.9642,88.4932,75.2075,64.83
2016-09-15,15-Sep-2016,67.0248,88.7073,75.3627,65.58
2016-09-16,16-Sep-2016,66.8804,88.4694,75.1535,65.52
2016-09-19,19-Sep-2016,66.8737,87.2568,74.6845,65.54
2016-09-20,20-Sep-2016,67.02,87.374,74.8814,65.86
2016-09-21,21-Sep-2016,67.0631,87.0077,74.6949,65.49
2016-09-22,22-Sep-2016,66.8451,87.3398,75.0203,66.65
2016-09-23,23-Sep-2016,66.6519,86.9207,74.6701,66.08
2016-09-26,26-Sep-2016,66.7095,86.4689,74.8814,66.13
2016-09-27,27-Sep-2016,66.4627,86.3417,74.7373,65.84
2016-09-28,28-Sep-2016,66.4482,86.4823,74.4552,66.09
2016-09-29,29-Sep-2016,66.5521,86.6109,74.6848,65.43
2016-09-30,30-Sep-2016,66.6596,86.4242,74.7521,66.05
2016-10-03,03-Oct-2016,66.533,85.8675,74.7166,65.7
2016-10-04,04-Oct-2016,66.5559,85.318,74.4428,65.08
2016-10-05,05-Oct-2016,66.5699,84.4772,74.6515,64.7
2016-10-06,06-Oct-2016,66.6322,84.6695,74.5814,64.34
2016-10-07,07-Oct-2016,66.7875,83.2373,74.2744,64.3
2016-10-10,10-Oct-2016,66.5856,82.4796,74.4027,64.56
2016-10-13,13-Oct-2016,66.8473,81.3131,73.6657,64.44
2016-10-14,14-Oct-2016,66.8481,81.4811,73.6867,64.23
2016-10-17,17-Oct-2016,66.7779,81.3088,73.3689,64.12
2016-10-18,18-Oct-2016,66.7268,81.7136,73.5463,64.14
2016-10-19,19-Oct-2016,66.7145,81.7853,73.2125,64.4
2016-10-20,20-Oct-2016,66.7411,81.9114,73.1482,64.35
2016-10-21,21-Oct-2016,66.8943,81.9589,72.975,64.4
2016-10-24,24-Oct-2016,66.8625,81.6725,72.7999,64.43
2016-10-25,25-Oct-2016,66.8777,81.7714,72.7897,64.06
2016-10-26,26-Oct-2016,66.7621,81.363,72.8174,64.13
2016-10-27,27-Oct-2016,66.8854,81.6938,72.9385,63.93
2016-10-28,28-Oct-2016,66.8566,81.2976,72.9071,63.44
2016-11-01,01-Nov-2016,66.714,81.5579,73.1786,63.68
2016-11-02,02-Nov-2016,66.8294,81.8861,73.9534,64.37
2016-11-03,03-Nov-2016,66.6942,82.2473,74.1506,64.95
2016-11-04,04-Nov-2016,66.7219,83.1355,74.0546,64.62
2016-11-07,07-Nov-2016,66.7301,82.9322,73.8435,63.88
2016-11-08,08-Nov-2016,66.7073,82.7104,73.6515,63.91
2016-11-09,09-Nov-2016,66.7968,83.4292,74.9727,65.05
2016-11-10,10-Nov-2016,66.4273,82.5093,72.7113,63.02
2016-11-11,11-Nov-2016,67.0292,84.1753,73.1155,62.94
2016-11-15,15-Nov-2016,67.7173,84.4232,72.7758,62.61
2016-11-16,16-Nov-2016,67.7791,84.6154,72.8422,62.12
2016-11-17,17-Nov-2016,67.9106,84.3178,72.5625,62.1
2016-11-18,18-Nov-2016,68.0937,84.4158,72.2134,61.56
2016-11-21,21-Nov-2016,68.2575,84.2025,72.353,61.45
2016-11-22,22-Nov-2016,68.2317,85.1668,72.4348,61.46
2016-11-23,23-Nov-2016,68.4772,84.9665,72.7844,61.71
2016-11-24,24-Nov-2016,68.656,85.36,72.384,60.9
2016-11-25,25-Nov-2016,68.4626,85.2222,72.3855,60.32
2016-11-28,28-Nov-2016,68.7235,85.8494,73.1768,61.32
2016-11-29,29-Nov-2016,68.6535,85.2265,72.8002,61.25
2016-11-30,30-Nov-2016,68.526,85.5342,72.8431,60.79
2016-12-01,01-Dec-2016,68.3734,85.6992,72.6262,60.01
2016-12-02,02-Dec-2016,68.3689,86.2816,73.0385,59.96
2016-12-05,05-Dec-2016,68.1703,86.5354,72.0424,60.11
2016-12-06,06-Dec-2016,68.0322,86.7274,73.1074,59.68
2016-12-07,07-Dec-2016,67.8707,85.8632,72.7506,59.41
2016-12-08,08-Dec-2016,67.4325,85.2414,72.6113,59.44
2016-12-09,09-Dec-2016,67.584,85.1289,71.7607,59.06
2016-12-13,13-Dec-2016,67.4867,85.5461,71.7654,58.54
2016-12-14,14-Dec-2016,67.5604,85.545,71.918,58.66
2016-12-15,15-Dec-2016,67.7994,85.1154,71.1555,57.72
2016-12-16,16-Dec-2016,67.7777,84.2341,70.7531,57.38
2016-12-19,19-Dec-2016,67.7262,84.5426,70.8416,57.73
2016-12-20,20-Dec-2016,67.8954,84.102,70.4686,57.66
2016-12-21,21-Dec-2016,67.8724,83.9649,70.6077,57.7
2016-12-22,22-Dec-2016,67.9136,83.914,70.8678,57.73
2016-12-23,23-Dec-2016,67.9117,83.4839,70.9474,57.88
2016-12-26,26-Dec-2016,67.8331,83.3126,70.967,57.96
2016-12-27,27-Dec-2016,67.9967,83.4999,71.0498,57.97
2016-12-28,28-Dec-2016,68.225,83.8622,71.452,58.06
2016-12-29,29-Dec-2016,68.1241,83.418,71.2101,58.41
2016-12-30,30-Dec-2016,67.9547,83.4212,71.6175,58.22
2017-01-02,02-Jan-2017,68.0225,83.967,71.5121,58.19
2017-01-03,03-Jan-2017,68.0864,83.7599,71.3818,58.03
2017-01-04,04-Jan-2017,68.1791,83.533,70.9949,57.81
2017-01-05,05-Jan-2017,67.7884,83.7051,71.5574,58.33
2017-01-06,06-Jan-2017,67.9522,84.0976,71.8662,58.5
2017-01-09,09-Jan-2017,68.1863,83.1259,71.8206,58.1
2017-01-10,10-Jan-2017,68.0641,82.6979,72.182,58.88
2017-01-11,11-Jan-2017,68.2276,82.9579,72.3213,58.82
2017-01-12,12-Jan-2017,68.0858,83.194,72.2322,59.45
2017-01-13,13-Jan-2017,68.231,82.9757,72.475,59.4
2017-01-16,16-Jan-2017,68.1558,81.9982,72.4155,59.79
2017-01-17,17-Jan-2017,68.0509,82.4573,72.5014,59.98
2017-01-18,18-Jan-2017,67.9364,83.8403,72.5968,59.97
2017-01-19,19-Jan-2017,68.1766,83.6936,72.5194,59.48
2017-01-20,20-Jan-2017,68.0883,84.1231,72.7319,59.38
2017-01-23,23-Jan-2017,68.0843,84.6492,73.1498,60.1
2017-01-24,24-Jan-2017,68.157,85.1485,73.2347,60.27
2017-01-25,25-Jan-2017,68.1556,85.3104,73.0901,59.98
2017-01-27,27-Jan-2017,68.2043,85.4941,72.7467,59.24
2017-01-30,30-Jan-2017,68.0426,85.5159,72.9621,59.38
2017-01-31,31-Jan-2017,67.8125,84.847,72.5526,59.77
2017-02-01,01-Feb-2017,67.6458,84.9496,72.9154,59.69
2017-02-02,02-Feb-2017,67.448,85.4903,72.7966,59.91
2017-02-03,03-Feb-2017,67.3825,84.3225,72.4429,59.6
2017-02-06,06-Feb-2017,67.1958,83.9208,72.4035,59.73
2017-02-07,07-Feb-2017,67.3692,83.9488,72.0716,60.26
2017-02-08,08-Feb-2017,67.3058,84.1659,71.8759,59.94
2017-02-09,09-Feb-2017,67.0123,83.819,71.5423,59.71
2017-02-10,10-Feb-2017,66.9367,83.7713,71.3344,58.89
2017-02-13,13-Feb-2017,66.9663,83.7614,71.1718,58.89
2017-02-14,14-Feb-2017,66.9439,83.9811,71.0877,59.06
2017-02-15,15-Feb-2017,66.9193,83.4149,70.8207,58.56
2017-02-16,16-Feb-2017,66.9468,83.4358,71.0239,58.75
2017-02-17,17-Feb-2017,67.0467,83.7614,71.5053,59.15
2017-02-20,20-Feb-2017,66.9771,83.1923,71.056,59.16
2017-02-22,22-Feb-2017,66.9644,83.6921,70.5403,58.98
2017-02-23,23-Feb-2017,66.8351,83.1228,70.5444,59.01
2017-02-27,27-Feb-2017,66.7249,82.8923,70.5149,59.51
2017-02-28,28-Feb-2017,66.7375,83.0548,70.7151,59.35
2017-03-01,01-Mar-2017,66.8482,82.718,70.5716,58.91
2017-03-02,02-Mar-2017,66.7433,81.9875,70.3074,58.5
2017-03-03,03-Mar-2017,66.8354,81.9603,70.3509,58.55
2017-03-06,06-Mar-2017,66.7559,81.9762,70.7346,58.67
2017-03-07,07-Mar-2017,66.6347,81.5342,70.5595,58.48
2017-03-08,08-Mar-2017,66.6362,81.3162,70.4011,58.61
2017-03-09,09-Mar-2017,66.7707,81.1665,70.3229,58.33
2017-03-10,10-Mar-2017,66.688,81.0526,70.6426,57.79
2017-03-14,14-Mar-2017,66.18,80.5014,70.4354,57.57
2017-03-15,15-Mar-2017,65.5146,80.0654,69.6224,57.08
2017-03-16,16-Mar-2017,65.3836,80.2649,70.1893,57.73
2017-03-17,17-Mar-2017,65.5411,80.9957,70.6074,57.84
2017-03-20,20-Mar-2017,65.3827,81.0157,70.3779,58.06
2017-03-21,21-Mar-2017,65.3117,80.6273,70.295,57.95
2017-03-22,22-Mar-2017,65.4881,81.6833,70.7206,58.7
2017-03-23,23-Mar-2017,65.422,81.8495,70.6688,58.81
2017-03-24,24-Mar-2017,65.4581,81.6721,70.4656,58.74
2017-03-27,27-Mar-2017,65.0892,81.6479,70.6739,59.08
2017-03-29,29-Mar-2017,64.9552,80.4795,70.1061,58.41
2017-03-30,30-Mar-2017,64.9325,80.7501,69.8739,58.43
2017-03-31,31-Mar-2017,64.8386,80.8797,69.2476,57.96
2017-04-03,03-Apr-2017,64.9103,81.43,69.2788,58.23
2017-04-05,05-Apr-2017,65.0438,80.8755,69.4017,58.76
2017-04-06,06-Apr-2017,64.9791,81.1524,69.3912,58.79
2017-04-07,07-Apr-2017,64.3928,80.2592,68.559,58.19
2017-04-10,10-Apr-2017,64.4418,79.8563,68.2503,57.87
2017-04-11,11-Apr-2017,64.5438,80.1376,68.3067,58.37
2017-04-12,12-Apr-2017,64.692,80.8132,68.6706,59.06
2017-04-13,13-Apr-2017,64.3165,80.8265,68.6193,58.97
2017-04-17,17-Apr-2017,64.4053,80.7192,68.4049,59.39
2017-04-18,18-Apr-2017,64.5657,81.1785,68.7431,59.22
2017-04-19,19-Apr-2017,64.5443,82.7458,69.1915,59.39
2017-04-20,20-Apr-2017,64.6364,82.8057,69.3355,59.35
2017-04-21,21-Apr-2017,64.5701,82.7014,69.1675,59.03
2017-04-24,24-Apr-2017,64.4757,82.458,69.9884,58.56
2017-04-25,25-Apr-2017,64.2776,82.2689,69.8569,58.33
2017-04-26,26-Apr-2017,64.0013,82.1265,70.043,57.47
2017-04-27,27-Apr-2017,64.1141,82.5854,69.8908,57.6
2017-04-28,28-Apr-2017,64.217,82.8271,69.8809,57.72
2017-05-02,02-May-2017,64.2072,82.6925,70.0436,57.27
2017-05-03,03-May-2017,64.1439,82.7969,70.0323,57.24
2017-05-04,04-May-2017,64.2115,82.5631,69.9392,56.95
2017-05-05,05-May-2017,64.3079,83.1308,70.5972,57.37
2017-05-08,08-May-2017,64.2154,83.2553,70.4957,56.99
2017-05-09,09-May-2017,64.5065,83.5295,70.4669,56.9
2017-05-11,11-May-2017,64.438,83.415,70.1472,56.48
2017-05-12,12-May-2017,64.3043,82.869,69.8859,56.56
2017-05-15,15-May-2017,64.1188,82.8351,70.1332,56.48
2017-05-16,16-May-2017,64.0758,82.7795,70.5539,56.52
2017-05-17,17-May-2017,64.0214,82.7669,71.1598,56.99
2017-05-18,18-May-2017,64.3441,83.3063,71.6214,57.8
2017-05-19,19-May-2017,64.9906,84.1823,72.2955,58.44
2017-05-20,20-May-2017,64.5632,83.9515,72.2333,57.98
2017-05-22,22-May-2017,64.5632,83.9515,72.2333,57.98
2017-05-23,23-May-2017,64.7751,84.0327,72.7489,58.37
2017-05-24,24-May-2017,64.8586,84.0957,72.473,57.96
2017-05-25,25-May-2017,64.5088,83.7711,72.4692,57.74
2017-05-26,26-May-2017,64.5945,83.1848,72.3329,57.95
2017-05-29,29-May-2017,64.5565,82.8195,72.1354,58.03
2017-05-30,30-May-2017,64.6336,82.7892,71.8338,58.24
2017-05-31,31-May-2017,64.5459,82.6446,72.143,58.15
2017-06-01,01-Jun-2017,64.4704,82.8703,72.4518,58.07
2017-06-02,02-Jun-2017,64.4208,82.9225,72.2673,57.72
2017-06-05,05-Jun-2017,64.3485,82.7972,72.4886,58.2
2017-06-06,06-Jun-2017,64.3516,83.1616,72.5178,58.71
2017-06-07,07-Jun-2017,64.4538,83.2485,72.6588,58.93
2017-06-08,08-Jun-2017,64.3554,83.4303,72.5092,58.76
2017-06-09,09-Jun-2017,64.2584,81.7495,71.9823,58.31
2017-06-12,12-Jun-2017,64.3407,82.0859,72.1324,58.36
2017-06-13,13-Jun-2017,64.4453,81.7424,72.1465,58.59
2017-06-14,14-Jun-2017,64.3141,82.1098,72.1283,58.45
2017-06-15,15-Jun-2017,64.2801,81.9121,72.1094,58.62
2017-06-16,16-Jun-2017,64.5883,82.5116,72.0482,58.05
2017-06-19,19-Jun-2017,64.3788,82.2053,72.1043,57.98
2017-06-20,20-Jun-2017,64.4672,82.1506,71.9583,57.8
2017-06-21,21-Jun-2017,64.6025,81.5348,71.9413,58.07
2017-06-22,22-Jun-2017,64.495,81.799,72.0732,58.05
2017-06-23,23-Jun-2017,64.5365,81.9743,72.0808,58.01
2017-06-27,27-Jun-2017,64.4572,82.0798,72.1921,57.71
2017-06-28,28-Jun-2017,64.5288,82.6614,73.3757,57.44
2017-06-29,29-Jun-2017,64.4715,83.5615,73.5233,57.4
2017-06-30,30-Jun-2017,64.7379,84.2564,74.0019,57.78
2017-07-03,03-Jul-2017,64.7525,84.1718,73.8567,57.54
2017-07-04,04-Jul-2017,64.8168,83.9118,73.5995,57.49
2017-07-05,05-Jul-2017,64.7209,83.6065,73.5035,57.15
2017-07-06,06-Jul-2017,64.7779,83.8226,73.4322,57.25
2017-07-07,07-Jul-2017,64.7342,83.8826,73.8811,56.94
2017-07-10,10-Jul-2017,64.5405,83.2766,73.5826,56.53
2017-07-11,11-Jul-2017,64.5025,83.0857,73.4361,56.38
2017-07-12,12-Jul-2017,64.4969,82.6915,73.9715,56.85
2017-07-13,13-Jul-2017,64.4384,83.248,73.7884,57.02
2017-07-14,14-Jul-2017,64.4539,83.5451,73.5677,56.9
2017-07-17,17-Jul-2017,64.3666,84.2173,73.6933,57.12
2017-07-18,18-Jul-2017,64.3301,84.2917,74.1469,57.39
2017-07-19,19-Jul-2017,64.3211,83.8554,74.2265,57.43
2017-07-20,20-Jul-2017,64.4273,83.9166,74.188,57.45
2017-07-21,21-Jul-2017,64.3185,83.5369,74.8796,57.53
2017-07-24,24-Jul-2017,64.4494,83.8164,75.1287,58.01
2017-07-25,25-Jul-2017,64.358,83.8778,75.0607,58.05
2017-07-26,26-Jul-2017,64.4208,83.8308,74.9214,57.56
2017-07-27,27-Jul-2017,64.1216,84.2109,75.2082,57.74
2017-07-28,28-Jul-2017,64.1483,83.8867,74.9829,57.78
2017-07-31,31-Jul-2017,64.0773,84.1591,75.2203,57.98
2017-08-01,01-Aug-2017,64.0683,84.6214,75.7415,58.12
2017-08-02,02-Aug-2017,64.069,84.6416,75.7488,57.86
2017-08-03,03-Aug-2017,63.6314,84.1589,75.3905,57.53
2017-08-04,04-Aug-2017,63.7091,83.7074,75.6609,57.85
2017-08-07,07-Aug-2017,63.7375,83.1583,75.1019,57.55
2017-08-08,08-Aug-2017,63.7382,83.1465,75.2876,57.63
2017-08-09,09-Aug-2017,63.7491,82.9248,74.8606,57.94
2017-08-10,10-Aug-2017,63.9437,83.0053,75.0635,58.15
2017-08-11,11-Aug-2017,64.1693,83.2661,75.4567,58.76
2017-08-14,14-Aug-2017,64.0253,83.2777,75.7035,58.43
2017-08-16,16-Aug-2017,64.2428,82.6162,75.3761,58.01
2017-08-18,18-Aug-2017,64.1048,82.6183,75.2078,58.63
2017-08-21,21-Aug-2017,64.0285,82.3983,75.2143,58.68
2017-08-22,22-Aug-2017,64.1099,82.5992,75.6497,58.69
2017-08-23,23-Aug-2017,64.1272,82.2303,75.4072,58.58
2017-08-24,24-Aug-2017,64.0676,81.9361,75.5805,58.67
2017-08-28,28-Aug-2017,63.8701,82.3605,76.2162,58.53
2017-08-29,29-Aug-2017,64.0174,82.8833,76.7505,58.81
2017-08-30,30-Aug-2017,63.9431,82.6209,76.4504,58.16
2017-08-31,31-Aug-2017,64.0154,82.6951,76.0439,57.91
2017-09-01,01-Sep-2017,63.9804,82.6627,76.1047,58.1
2017-09-04,04-Sep-2017,64.0468,82.9662,76.1516,58.51
2017-09-05,05-Sep-2017,64.1164,82.8192,76.2921,58.63
2017-09-06,06-Sep-2017,64.2146,83.6395,76.5438,59.04
2017-09-07,07-Sep-2017,64.0276,83.4664,76.3593,58.7
2017-09-08,08-Sep-2017,63.8664,83.8757,77.0357,59.28
2017-09-11,11-Sep-2017,63.8859,84.2591,76.7334,58.86
2017-09-12,12-Sep-2017,63.9474,84.3594,76.5514,58.41
2017-09-13,13-Sep-2017,63.9818,85.1534,76.663,58.11
2017-09-14,14-Sep-2017,64.0692,84.6867,76.1398,58.02
2017-09-15,15-Sep-2017,64.0774,86.12,76.3995,57.92
2017-09-18,18-Sep-2017,64.0371,87.0841,76.4923,57.57
2017-09-19,19-Sep-2017,64.1769,86.8121,77.0187,57.45
2017-09-20,20-Sep-2017,64.3637,87.0262,77.2493,57.76
2017-09-21,21-Sep-2017,64.5256,87.1547,76.7403,57.3
2017-09-22,22-Sep-2017,64.9596,88.3061,77.7566,57.99
2017-09-25,25-Sep-2017,64.8357,87.9367,77.3036,57.75
2017-09-26,26-Sep-2017,65.3371,88.0744,77.431,58.58
2017-09-27,27-Sep-2017,65.6947,88.1426,77.3686,58.4
2017-09-28,28-Sep-2017,65.7604,87.9808,77.1764,58.18
2017-09-29,29-Sep-2017,65.3552,87.7067,77.0603,58.03
2017-10-03,03-Oct-2017,65.5529,86.8707,76.7756,57.97
2017-10-04,04-Oct-2017,65.2899,86.6266,76.8266,58.0
2017-10-05,05-Oct-2017,65.1758,86.2145,76.5685,57.77
2017-10-06,06-Oct-2017,65.2276,85.3112,76.2641,57.72
2017-10-09,09-Oct-2017,65.3074,85.6311,76.599,57.99
2017-10-10,10-Oct-2017,65.2652,85.9412,76.8302,57.95
2017-10-11,11-Oct-2017,65.2691,86.1161,77.1677,58.08
2017-10-12,12-Oct-2017,65.1003,86.2319,77.2741,57.98
2017-10-13,13-Oct-2017,64.9301,86.3051,76.8772,58.01
2017-10-16,16-Oct-2017,64.7603,86.0082,76.3912,57.93
2017-10-17,17-Oct-2017,64.9226,86.0354,76.4204,57.87
2017-10-18,18-Oct-2017,65.0649,85.7425,76.5423,57.93
2017-10-23,23-Oct-2017,65.0239,85.8381,76.5136,57.17
2017-10-24,24-Oct-2017,64.9256,85.7927,76.3395,57.18
2017-10-25,25-Oct-2017,65.1386,85.4814,76.59,57.19
2017-10-26,26-Oct-2017,64.7888,85.884,76.6063,57.06
2017-10-27,27-Oct-2017,65.0931,85.3826,75.6837,57.0
2017-10-28,28-Oct-2017,64.9338,85.375,75.4271,57.13
2017-10-30,30-Oct-2017,64.9338,85.375,75.4271,57.13
2017-10-31,31-Oct-2017,64.7745,85.5995,75.4234,57.27
2017-11-01,01-Nov-2017,64.5256,85.6706,75.0755,56.7
2017-11-02,02-Nov-2017,64.593,85.786,75.2831,56.72
2017-11-03,03-Nov-2017,64.5764,84.4272,75.3348,56.66
2017-11-06,06-Nov-2017,64.7267,84.6366,75.1801,56.66
2017-11-07,07-Nov-2017,64.8064,85.3371,75.2273,56.85
2017-11-08,08-Nov-2017,65.0592,85.5724,75.3841,57.12
2017-11-09,09-Nov-2017,64.8967,85.2548,75.3061,57.13
2017-11-10,10-Nov-2017,65.0147,85.5463,75.7356,57.34
2017-11-13,13-Nov-2017,65.4272,85.8209,76.2161,57.68
2017-11-14,14-Nov-2017,65.5171,85.9388,76.4781,57.65
2017-11-15,15-Nov-2017,65.3689,85.9143,77.0634,57.76
2017-11-16,16-Nov-2017,65.2969,86.0483,76.9981,57.81
2017-11-17,17-Nov-2017,64.8462,85.785,76.5574,57.59
2017-11-20,20-Nov-2017,65.0565,85.9331,76.3633,58.08
2017-11-21,21-Nov-2017,65.0386,86.1892,76.3878,57.82
2017-11-22,22-Nov-2017,64.7453,85.8523,76.0757,57.75
2017-11-23,23-Nov-2017,64.7949,86.3327,76.6264,58.22
2017-11-24,24-Nov-2017,64.7328,86.0364,76.7213,58.07
2017-11-27,27-Nov-2017,64.6948,86.1605,77.1421,58.1
2017-11-28,28-Nov-2017,64.4206,85.8469,76.6992,57.94
2017-11-29,29-Nov-2017,64.4058,86.1428,76.3209,57.75
2017-11-30,30-Nov-2017,64.4332,86.798,76.4887,57.46
2017-12-04,04-Dec-2017,64.3799,86.636,76.3739,57.04
2017-12-05,05-Dec-2017,64.3764,86.6378,76.3762,57.15
2017-12-06,06-Dec-2017,64.4467,86.4939,76.2791,57.42
2017-12-07,07-Dec-2017,64.5388,86.3142,76.0848,57.33
2017-12-08,08-Dec-2017,64.4649,87.0405,75.7978,56.84
2017-12-11,11-Dec-2017,64.3616,86.3282,75.8051,56.68
2017-12-12,12-Dec-2017,64.4834,86.0466,75.9292,56.84
2017-12-13,13-Dec-2017,64.4525,85.941,75.7768,56.87
2017-12-14,14-Dec-2017,64.2798,86.3535,75.998,57.06
2017-12-15,15-Dec-2017,64.0958,86.1319,75.5241,57.13
2017-12-18,18-Dec-2017,64.1065,85.5437,75.4277,56.9
2017-12-19,19-Dec-2017,64.1205,85.7932,75.6365,56.98
2017-12-20,20-Dec-2017,64.0577,85.7604,75.8251,56.7
2017-12-21,21-Dec-2017,64.0883,85.6284,76.0344,56.5
2017-12-22,22-Dec-2017,64.0409,85.6739,75.8821,56.51
2017-12-26,26-Dec-2017,64.0538,85.672,76.0255,56.53
2017-12-27,27-Dec-2017,64.1577,85.8366,76.2258,56.68
2017-12-28,28-Dec-2017,64.1716,86.221,76.5631,56.89
2017-12-29,29-Dec-2017,63.9273,86.0653,76.3867,56.72
2018-01-01,01-Jan-2018,63.6697,85.8968,76.41,56.51
2018-01-02,02-Jan-2018,63.6728,86.1111,76.5856,56.52
2018-01-03,03-Jan-2018,63.4833,86.4071,76.5418,56.55
2018-01-04,04-Jan-2018,63.3914,85.7432,76.2472,56.31
2018-01-05,05-Jan-2018,63.3823,86.0225,76.5024,56.06
2018-01-08,08-Jan-2018,63.3482,85.8875,76.1509,55.95
2018-01-09,09-Jan-2018,70.4418,89.7231,80.7099,64.71
2018-01-10,10-Jan-2018,63.8264,86.2805,76.1385,56.81
2018-01-11,11-Jan-2018,63.7364,86.0123,76.1395,57.03
2018-01-12,12-Jan-2018,63.5263,86.0527,76.5301,57.09
2018-01-15,15-Jan-2018,63.4125,87.1795,77.4457,57.23
2018-01-16,16-Jan-2018,63.7602,87.9126,78.2019,57.5
2018-01-17,17-Jan-2018,63.9797,88.1256,78.3495,57.74
2018-01-18,18-Jan-2018,63.8431,88.2822,77.8822,57.41
2018-01-19,19-Jan-2018,63.7183,88.6449,78.1441,57.49
2018-01-22,22-Jan-2018,63.8895,88.5956,78.1241,57.64
2018-01-23,23-Jan-2018,63.7722,89.2046,78.2166,57.57
2018-01-24,24-Jan-2018,63.6439,89.3242,78.4538,57.92
2018-01-25,25-Jan-2018,63.4983,90.9169,79.0681,58.36
2018-01-29,29-Jan-2018,63.547,89.8237,78.8682,58.38
2018-01-30,30-Jan-2018,63.7534,89.3886,78.7546,58.62
2018-01-31,31-Jan-2018,63.6878,90.3539,79.2149,58.6
2018-02-01,01-Feb-2018,63.6113,90.1754,78.948,58.09
2018-02-02,02-Feb-2018,64.0781,91.3369,80.0335,58.36
2018-02-05,05-Feb-2018,64.0295,90.4033,79.7295,58.22
2018-02-06,06-Feb-2018,64.2723,89.7177,79.5241,59.05
2018-02-07,07-Feb-2018,64.1377,89.4977,79.4345,58.71
2018-02-08,08-Feb-2018,64.1616,89.191,78.7455,58.5
2018-02-09,09-Feb-2018,64.3686,89.7105,78.8902,59.06
2018-02-12,12-Feb-2018,64.2838,89.0202,78.9341,59.14
2018-02-14,14-Feb-2018,64.1259,89.1735,79.3879,59.84
2018-02-15,15-Feb-2018,63.9222,89.5486,79.679,60.05
2018-02-16,16-Feb-2018,63.9097,90.3108,80.1683,60.46
2018-02-20,20-Feb-2018,64.5254,90.1291,79.8566,60.35
2018-02-21,21-Feb-2018,64.8161,90.6583,79.9442,60.17
2018-02-22,22-Feb-2018,65.0458,90.4137,79.8307,60.55
2018-02-23,23-Feb-2018,64.8227,90.4017,79.7643,60.59
2018-02-26,26-Feb-2018,64.6639,90.6523,79.6983,60.69
2018-02-27,27-Feb-2018,64.8514,90.5844,79.9683,60.71
2018-02-28,28-Feb-2018,65.1031,90.4477,79.5885,60.8
2018-03-01,01-Mar-2018,65.2261,89.7055,79.5041,61.07
2018-03-05,05-Mar-2018,65.053,89.6951,80.0347,61.64
2018-03-06,06-Mar-2018,64.9941,89.9063,80.2092,61.2
2018-03-07,07-Mar-2018,64.9627,90.3371,80.7486,61.55
2018-03-08,08-Mar-2018,64.9212,90.2275,80.5412,61.26
2018-03-09,09-Mar-2018,65.0784,89.8537,80.1636,60.97
2018-03-12,12-Mar-2018,65.0199,90.1241,80.0915,60.96
2018-03-13,13-Mar-2018,64.9567,90.2314,80.0916,60.85
2018-03-14,14-Mar-2018,64.9875,90.8265,80.5845,60.99
2018-03-15,15-Mar-2018,64.9366,90.7229,80.3201,61.27
2018-03-16,16-Mar-2018,64.8737,90.4858,79.9114,61.27
2018-03-19,19-Mar-2018,65.0375,90.5582,79.775,61.5
2018-03-20,20-Mar-2018,65.1993,91.4942,80.4625,61.33
2018-03-21,21-Mar-2018,65.2162,91.3288,79.9616,61.28
2018-03-22,22-Mar-2018,65.0622,92.063,80.3713,61.44
2018-03-23,23-Mar-2018,65.1333,91.9552,80.3354,62.13
2018-03-26,26-Mar-2018,64.9055,91.8672,80.2557,61.82
2018-03-27,27-Mar-2018,64.7973,92.2584,80.7634,61.36
2018-03-28,28-Mar-2018,65.0441,92.2846,80.6222,61.54
2018-04-03,03-Apr-2018,65.024,91.4563,80.0901,61.31
2018-04-04,04-Apr-2018,65.0232,91.4941,79.79,61.0
2018-04-05,05-Apr-2018,65.0601,91.5005,79.7767,60.78
2018-04-06,06-Apr-2018,64.9884,90.9578,79.5133,60.54
2018-04-09,09-Apr-2018,64.9287,91.4975,79.687,60.66
2018-04-10,10-Apr-2018,64.9368,91.7492,79.9047,60.58
2018-04-11,11-Apr-2018,65.1272,92.5197,80.5884,60.84
2018-04-12,12-Apr-2018,65.3496,92.7049,80.7982,61.15
2018-04-13,13-Apr-2018,65.2226,92.7726,80.3412,60.64
2018-04-16,16-Apr-2018,65.4476,93.2759,80.7362,61.02
2018-04-17,17-Apr-2018,65.6124,94.2063,81.32,61.35
2018-04-18,18-Apr-2018,65.6814,93.9835,81.3004,61.21
2018-04-19,19-Apr-2018,65.7837,93.4194,81.3876,61.22
2018-04-20,20-Apr-2018,66.0167,92.7271,81.458,61.4
2018-04-23,23-Apr-2018,66.2177,92.8438,81.269,61.4
2018-04-24,24-Apr-2018,66.3622,92.5089,81.0548,60.98
2018-04-25,25-Apr-2018,66.6983,93.1375,81.4253,61.12
2018-04-26,26-Apr-2018,66.8299,93.1676,81.3788,61.12
2018-04-27,27-Apr-2018,66.7801,92.8911,80.7438,61.08
2018-05-02,02-May-2018,66.6636,90.6625,80.0097,60.71
2018-05-03,03-May-2018,66.6093,90.602,79.8579,60.79
2018-05-04,04-May-2018,66.7681,90.5843,79.9682,61.17
2018-05-07,07-May-2018,67.106,90.8481,80.1179,61.44
2018-05-08,08-May-2018,67.0809,91.1361,80.0074,61.56
2018-05-09,09-May-2018,67.3815,91.0863,79.746,61.49
2018-05-10,10-May-2018,67.3786,91.3856,79.8908,61.34
2018-05-11,11-May-2018,67.2203,90.8751,80.0863,61.43
2018-05-14,14-May-2018,67.3153,91.2459,80.5091,61.54
2018-05-15,15-May-2018,67.5288,91.488,80.5281,61.44
2018-05-16,16-May-2018,67.8276,91.6826,80.2943,61.52
2018-05-17,17-May-2018,67.7156,91.6463,79.8909,61.28
2018-05-18,18-May-2018,67.9577,91.8788,80.2784,61.31
2018-05-21,21-May-2018,68.0883,91.4085,79.9289,61.15
2018-05-22,22-May-2018,68.0187,91.2471,80.0716,61.25
2018-05-23,23-May-2018,68.2139,91.4271,80.24,61.74
2018-05-24,24-May-2018,68.3872,91.4405,80.143,62.4
2018-05-25,25-May-2018,68.26,91.2158,79.8847,62.38
2018-05-28,28-May-2018,67.443,89.888,79.0027,61.75
2018-05-29,29-May-2018,67.8201,90.1668,78.6984,62.27
2018-05-30,30-May-2018,67.6288,89.7028,78.1992,62.21
2018-05-31,31-May-2018,67.4526,89.7929,78.7914,62.04
2018-06-01,01-Jun-2018,67.184,89.1397,78.4104,61.56
2018-06-04,04-Jun-2018,67.0543,89.6181,78.3597,61.14
2018-06-05,05-Jun-2018,67.1794,89.4292,78.5394,61.14
2018-06-06,06-Jun-2018,67.0397,67.0397,67.0397,61.02
2018-06-07,07-Jun-2018,67.0181,90.0455,79.1015,60.91
2018-06-08,08-Jun-2018,67.5228,90.6021,79.5824,61.6
2018-06-11,11-Jun-2018,67.3353,90.3707,79.523,61.24
2018-06-12,12-Jun-2018,67.4571,90.062,79.3498,61.1
2018-06-13,13-Jun-2018,67.6251,90.3336,79.3919,61.15
2018-06-14,14-Jun-2018,67.6875,90.6809,79.9254,61.52
2018-06-15,15-Jun-2018,67.9739,89.9974,78.605,61.34
2018-06-18,18-Jun-2018,68.0248,90.2485,78.8543,61.55
2018-06-19,19-Jun-2018,68.1511,90.3071,79.1575,62.19
2018-06-20,20-Jun-2018,68.0838,89.5983,78.8274,61.82
2018-06-21,21-Jun-2018,68.195,89.581,78.7925,61.61
2018-06-22,22-Jun-2018,67.7695,89.9572,78.8566,61.61
2018-06-25,25-Jun-2018,68.1466,90.2738,79.3499,62.27
2018-06-26,26-Jun-2018,68.1676,90.472,79.7425,62.17
2018-06-27,27-Jun-2018,68.5246,90.6032,79.8654,62.36
2018-06-28,28-Jun-2018,68.9389,90.2134,79.6382,62.53
2018-06-29,29-Jun-2018,68.5753,89.9296,79.8491,62.02
2018-07-02,02-Jul-2018,68.6227,90.431,79.9592,62.0
2018-07-03,03-Jul-2018,68.6935,90.3457,80.0211,61.91
2018-07-04,04-Jul-2018,68.5312,90.5229,80.0239,62.09
2018-07-05,05-Jul-2018,68.7545,91.0722,80.4771,62.17
2018-07-06,06-Jul-2018,68.8757,91.1432,80.6328,62.25
2018-07-09,09-Jul-2018,68.6573,91.4653,80.7822,62.16
2018-07-10,10-Jul-2018,68.7942,91.1051,80.78,61.93
2018-07-11,11-Jul-2018,68.829,91.3453,80.7947,61.98
2018-07-12,12-Jul-2018,68.6313,90.672,80.165,61.15
2018-07-13,13-Jul-2018,68.4094,90.071,79.7617,60.77
2018-07-16,16-Jul-2018,68.5877,90.8481,80.2526,61.02
2018-07-17,17-Jul-2018,68.2978,90.516,80.1006,60.78
2018-07-18,18-Jul-2018,68.5652,89.7258,79.7363,60.65
2018-07-19,19-Jul-2018,68.8331,89.93,80.1153,61.01
2018-07-20,20-Jul-2018,68.8458,89.6671,80.3114,61.27
2018-07-21,21-Jul-2018,68.704,90.2766,80.5619,61.93
2018-07-23,23-Jul-2018,68.704,90.2766,80.5619,61.93
2018-07-24,24-Jul-2018,69.053,90.3015,80.5434,61.98
2018-07-25,25-Jul-2018,68.8028,90.5812,80.4497,61.88
2018-07-26,26-Jul-2018,68.7017,90.6633,80.6045,62.09
2018-07-27,27-Jul-2018,68.7041,89.9891,79.9821,61.84
2018-07-30,30-Jul-2018,68.7531,90.1454,80.1597,61.89
2018-07-31,31-Jul-2018,68.6068,90.0862,80.3687,61.69
2018-08-01,01-Aug-2018,68.6058,89.9344,80.1151,61.21
2018-08-02,02-Aug-2018,68.3566,89.5221,79.5748,61.23
2018-08-03,03-Aug-2018,68.7933,89.5171,79.6746,61.58
2018-08-06,06-Aug-2018,68.6833,89.2585,79.3805,61.71
2018-08-07,07-Aug-2018,68.8,89.135,79.5599,61.81
2018-08-08,08-Aug-2018,68.6465,88.8167,79.7169,61.74
2018-08-09,09-Aug-2018,68.624,88.3475,79.6327,61.8
2018-08-10,10-Aug-2018,68.9538,88.1901,78.9985,62.15
2018-08-13,13-Aug-2018,69.4685,88.6274,79.1876,62.97
2018-08-14,14-Aug-2018,69.7696,89.2311,79.6997,62.9
2018-08-16,16-Aug-2018,70.2287,89.367,79.9718,63.35
2018-08-20,20-Aug-2018,69.7617,88.8741,79.672,63.09
2018-08-21,21-Aug-2018,69.6668,89.3997,80.2478,63.3
2018-08-23,23-Aug-2018,70.0656,90.2576,81.0486,63.21
2018-08-24,24-Aug-2018,70.1377,89.9694,81.1699,62.98
2018-08-27,27-Aug-2018,70.0366,89.9541,81.3032,63.07
2018-08-28,28-Aug-2018,70.1687,90.3263,81.9266,63.08
2018-08-29,29-Aug-2018,70.5046,90.6257,82.3376,63.42
2018-08-30,30-Aug-2018,70.7329,92.1518,82.7184,63.34
2018-08-31,31-Aug-2018,70.9255,92.353,82.8391,63.91
2018-09-03,03-Sep-2018,70.7695,91.3582,82.1445,63.8
2018-09-04,04-Sep-2018,71.1857,91.4603,82.4919,63.92
2018-09-05,05-Sep-2018,71.7533,92.2255,83.131,64.36
2018-09-06,06-Sep-2018,71.9214,92.8007,83.6005,64.56
2018-09-07,07-Sep-2018,71.9009,93.0364,83.6744,64.98
2018-09-10,10-Sep-2018,72.5745,93.7396,83.8081,65.42
2018-09-11,11-Sep-2018,72.3227,94.4182,84.0771,64.89
2018-09-12,12-Sep-2018,72.7549,94.6211,84.3244,65.22
2018-09-14,14-Sep-2018,71.8129,94.1553,83.9771,64.19
2018-09-17,17-Sep-2018,72.5505,94.9405,84.3985,64.78
2018-09-18,18-Sep-2018,72.3796,95.2897,84.7657,64.59
2018-09-19,19-Sep-2018,72.6781,95.5925,84.905,64.69
2018-09-21,21-Sep-2018,71.8489,95.15,84.683,63.67
2018-09-24,24-Sep-2018,72.6927,94.9953,85.2535,64.61
2018-09-25,25-Sep-2018,72.8134,95.5016,85.6237,64.47
2018-09-26,26-Sep-2018,72.7182,95.7699,85.5365,64.42
2018-09-27,27-Sep-2018,72.6505,95.4347,85.0418,64.47
2018-09-28,28-Sep-2018,72.5474,94.908,84.4428,63.9
2018-10-01,01-Oct-2018,72.8036,94.8825,84.3799,63.89
2018-10-03,03-Oct-2018,73.0299,94.988,84.5784,64.18
2018-10-04,04-Oct-2018,73.7509,95.3904,84.6257,64.49
2018-10-05,05-Oct-2018,73.5809,95.8877,84.6975,64.59
2018-10-08,08-Oct-2018,73.9235,96.8575,85.0613,64.96
2018-10-09,09-Oct-2018,74.0989,96.9895,85.108,65.51
2018-10-10,10-Oct-2018,74.1316,97.6284,85.2637,65.6
2018-10-11,11-Oct-2018,74.3875,98.2961,85.9012,66.29
2018-10-12,12-Oct-2018,73.7967,97.6537,85.5545,65.67
2018-10-15,15-Oct-2018,73.9708,97.0832,85.4895,66.08
2018-10-16,16-Oct-2018,73.9041,97.3327,85.575,65.95
2018-10-17,17-Oct-2018,73.4846,96.8684,84.98,65.47
2018-10-19,19-Oct-2018,73.4354,95.6525,84.1741,65.27
2018-10-22,22-Oct-2018,73.3025,95.9305,84.573,65.02
2018-10-23,23-Oct-2018,73.7818,95.5568,84.4743,65.62
2018-10-24,24-Oct-2018,73.2645,95.0529,83.9934,65.13
2018-10-25,25-Oct-2018,73.2746,94.619,83.6478,65.33
2018-10-26,26-Oct-2018,73.374,94.0503,83.4077,65.41
2018-10-29,29-Oct-2018,73.4181,94.2644,83.6942,65.62
2018-10-30,30-Oct-2018,73.5709,94.184,83.7114,65.28
2018-10-31,31-Oct-2018,73.9936,94.1016,83.925,65.36
2018-11-01,01-Nov-2018,73.8295,94.8182,83.7261,65.4
2018-11-02,02-Nov-2018,72.8798,94.753,83.2292,64.47
2018-11-05,05-Nov-2018,73.074,94.9845,83.2566,64.5
2018-11-06,06-Nov-2018,73.0097,95.302,83.2632,64.37
2018-11-09,09-Nov-2018,72.7347,94.8737,82.5195,63.84
2018-11-12,12-Nov-2018,72.9078,93.9947,82.4315,63.91
2018-11-13,13-Nov-2018,72.5853,93.4908,81.611,63.69
2018-11-14,14-Nov-2018,72.1039,93.6961,81.4361,63.31
2018-11-15,15-Nov-2018,72.16,93.9518,81.8256,63.55
2018-11-16,16-Nov-2018,71.8023,91.9247,81.4626,63.37
2018-11-19,19-Nov-2018,71.9007,92.1983,81.9419,63.74
2018-11-20,20-Nov-2018,71.3276,91.7197,81.6867,63.4
2018-11-22,22-Nov-2018,71.1787,91.0423,81.1883,62.97
2018-11-26,26-Nov-2018,70.7144,90.6478,80.266,62.47
2018-11-27,27-Nov-2018,70.9065,90.8369,80.4207,62.49
2018-11-28,28-Nov-2018,70.6881,90.1368,79.8752,62.08
2018-11-29,29-Nov-2018,69.9159,89.7389,79.5801,61.71
2018-11-30,30-Nov-2018,69.6574,89.0848,79.3588,61.43
2018-12-03,03-Dec-2018,70.028,89.5005,79.5887,61.69
2018-12-04,04-Dec-2018,70.3455,89.645,80.079,62.21
2018-12-05,05-Dec-2018,70.5171,89.4458,79.8366,62.37
2018-12-06,06-Dec-2018,71.0371,90.2953,80.5457,62.99
2018-12-07,07-Dec-2018,70.5663,90.1212,80.2245,62.53
2018-12-10,10-Dec-2018,71.3257,90.9108,81.5738,63.43
2018-12-11,11-Dec-2018,71.9274,90.4266,81.7325,63.57
2018-12-12,12-Dec-2018,72.0407,90.0393,81.5928,63.5
2018-12-13,13-Dec-2018,71.5368,90.3095,81.3407,63.06
2018-12-14,14-Dec-2018,71.7359,90.5809,81.4628,63.2
2018-12-17,17-Dec-2018,71.673,90.1981,81.0717,63.17
2018-12-18,18-Dec-2018,71.194,89.8829,80.7554,63.21
2018-12-19,19-Dec-2018,70.1094,88.7431,79.8153,62.38
2018-12-20,20-Dec-2018,70.2835,88.8454,80.0548,62.79
2018-12-21,21-Dec-2018,70.0368,88.7016,80.2127,62.87
2018-12-24,24-Dec-2018,70.1757,88.871,79.8824,63.16
2018-12-26,26-Dec-2018,69.9906,88.9581,79.8196,63.36
2018-12-27,27-Dec-2018,70.327,88.9829,80.0223,63.25
2018-12-28,28-Dec-2018,69.9786,88.6564,80.1805,63.28
2018-12-31,31-Dec-2018,69.7923,88.5488,79.7805,63.21
2019-01-01,01-Jan-2019,69.7131,88.9748,79.933,63.57
2019-01-02,02-Jan-2019,69.6089,88.8261,79.9635,63.75
2019-01-03,03-Jan-2019,70.3627,88.2756,79.9208,65.8
2019-01-04,04-Jan-2019,69.8653,88.2599,79.5659,64.6
2019-01-07,07-Jan-2019,69.4814,88.5943,79.389,64.21
2019-01-08,08-Jan-2019,70.0221,89.4238,80.1576,64.37
2019-01-09,09-Jan-2019,70.4418,89.7231,80.7099,64.71
2019-01-10,10-Jan-2019,70.5135,90.1656,81.492,65.4
2019-01-11,11-Jan-2019,70.4737,89.9155,81.2083,65.03
2019-01-14,14-Jan-2019,70.8244,90.964,81.2469,65.5
2019-01-15,15-Jan-2019,71.0298,91.6242,81.5048,65.37
2019-01-16,16-Jan-2019,71.1847,91.4619,81.1762,65.62
2019-01-17,17-Jan-2019,71.3418,91.8616,81.2583,65.51
2019-01-18,18-Jan-2019,71.1418,92.2946,81.0656,65.04
2019-01-21,21-Jan-2019,71.3782,91.8913,81.2308,65.15
2019-01-22,22-Jan-2019,71.3761,91.8963,81.0438,65.23
2019-01-23,23-Jan-2019,71.2039,92.2067,80.9394,64.94
2019-01-24,24-Jan-2019,71.282,93.1456,81.1113,64.97
2019-01-25,25-Jan-2019,71.1051,93.2396,80.4986,64.74
2019-01-28,28-Jan-2019,71.134,93.8224,81.1482,65.05
2019-01-29,29-Jan-2019,71.0942,93.5453,81.318,65.05
2019-01-30,30-Jan-2019,71.2442,93.2867,81.538,65.2
2019-01-31,31-Jan-2019,71.0333,93.2383,81.6836,65.3
2019-02-01,01-Feb-2019,71.1102,93.1681,81.3425,65.31
2019-02-04,04-Feb-2019,71.658,93.7067,81.9997,65.29
2019-02-05,05-Feb-2019,71.7459,93.5624,82.0147,65.29
2019-02-06,06-Feb-2019,71.5731,92.6886,81.5461,65.21
2019-02-07,07-Feb-2019,71.4688,92.4478,81.2024,65.0
2019-02-08,08-Feb-2019,71.2949,92.2936,80.8304,64.98
2019-02-11,11-Feb-2019,71.1621,92.0216,80.5882,64.71
2019-02-12,12-Feb-2019,70.9353,91.262,80.0259,64.15
2019-02-13,13-Feb-2019,70.5547,91.1327,79.9596,63.78
2019-02-14,14-Feb-2019,70.9408,91.2791,79.9966,63.88
2019-02-15,15-Feb-2019,71.2515,91.2261,80.4168,64.55
2019-02-18,18-Feb-2019,71.4705,92.2689,80.8117,64.64
2019-02-20,20-Feb-2019,71.1773,92.9272,80.7075,64.21
2019-02-21,21-Feb-2019,71.154,92.7213,80.6203,64.24
2019-02-22,22-Feb-2019,71.2177,92.8271,80.7528,64.29
2019-02-25,25-Feb-2019,71.042,92.8808,80.6028,64.22
2019-02-26,26-Feb-2019,71.0952,93.3594,80.7471,64.16
2019-02-27,27-Feb-2019,71.1663,94.2152,80.9668,64.38
2019-02-28,28-Feb-2019,71.1953,94.7021,80.979,64.24
2019-03-01,01-Mar-2019,70.9696,94.0868,80.7161,63.49
2019-03-05,05-Mar-2019,70.7601,93.1179,80.1594,63.23
2019-03-06,06-Mar-2019,70.5798,92.7197,79.766,63.13
2019-03-07,07-Mar-2019,70.0268,92.2575,79.17,62.66
2019-03-08,08-Mar-2019,70.101,91.7954,78.5463,63.13
2019-03-11,11-Mar-2019,69.9308,90.7916,78.571,62.93
2019-03-12,12-Mar-2019,69.595,91.8714,78.3366,62.54
2019-03-13,13-Mar-2019,69.6225,91.1535,78.5709,62.55
2019-03-14,14-Mar-2019,69.6657,92.288,78.8416,62.43
2019-03-15,15-Mar-2019,69.2131,91.6437,78.3368,61.99
2019-03-18,18-Mar-2019,68.6088,91.1184,77.7827,61.5
2019-03-19,19-Mar-2019,68.5847,91.0069,77.8185,61.66
2019-03-20,20-Mar-2019,68.8604,91.2846,78.1446,61.72
2019-03-22,22-Mar-2019,68.6607,90.2778,78.1368,61.97
2019-03-25,25-Mar-2019,68.9903,90.8731,77.9735,62.76
2019-03-26,26-Mar-2019,68.8469,90.7737,77.8663,62.55
2019-03-27,27-Mar-2019,68.903,90.8753,77.6041,62.33
2019-03-28,28-Mar-2019,69.0038,91.028,77.6868,62.69
2019-03-29,29-Mar-2019,69.1713,90.4756,77.7024,62.52
2019-04-02,02-Apr-2019,69.1198,90.2119,77.4478,62.09
2019-04-03,03-Apr-2019,68.4896,90.0204,76.88,61.45
2019-04-04,04-Apr-2019,68.8446,90.7675,77.3878,61.82
2019-04-05,05-Apr-2019,69.1965,90.6354,77.7317,61.96
2019-04-08,08-Apr-2019,69.5142,90.7804,78.0403,62.38
2019-04-09,09-Apr-2019,69.5397,90.9538,78.3124,62.45
2019-04-10,10-Apr-2019,69.1482,90.3799,77.912,62.21
2019-04-11,11-Apr-2019,68.9742,90.2762,77.7942,62.07
2019-04-12,12-Apr-2019,69.324,90.5589,78.2335,61.99
2019-04-15,15-Apr-2019,69.2293,90.6193,78.3002,61.84
2019-04-16,16-Apr-2019,69.577,91.086,78.6489,62.16
2019-04-18,18-Apr-2019,69.4189,90.5519,78.4341,62.04
2019-04-22,22-Apr-2019,69.7423,90.6362,78.4076,62.32
2019-04-23,23-Apr-2019,69.7474,90.5428,78.4291,62.34
2019-04-24,24-Apr-2019,69.9045,90.346,78.3322,62.53
2019-04-25,25-Apr-2019,69.9418,90.259,78.0527,62.49
2019-04-26,26-Apr-2019,70.1445,90.5322,78.1283,62.8
2019-04-30,30-Apr-2019,69.8368,90.3348,78.0771,62.68
2019-05-02,02-May-2019,69.5419,90.787,77.8841,62.34
2019-05-03,03-May-2019,69.2679,90.2404,77.339,62.13
2019-05-06,06-May-2019,69.3558,90.998,77.636,62.62
2019-05-07,07-May-2019,69.3095,90.9706,77.701,62.59
2019-05-08,08-May-2019,69.6009,90.9002,78.0124,63.23
2019-05-09,09-May-2019,69.8685,90.9879,78.2481,63.59
2019-05-10,10-May-2019,69.9212,90.9269,78.4884,63.72
2019-05-13,13-May-2019,70.2576,91.437,78.9227,64.04
2019-05-14,14-May-2019,70.4208,91.2137,79.1511,64.25
2019-05-15,15-May-2019,70.2087,90.6319,78.688,64.01
2019-05-16,16-May-2019,70.2469,90.1937,78.721,64.18
2019-05-17,17-May-2019,70.1666,89.7276,78.4336,64.03
2019-05-21,21-May-2019,69.7291,88.622,77.7242,63.28
2019-05-22,22-May-2019,69.7655,88.5915,77.8123,63.17
2019-05-23,23-May-2019,69.6732,87.922,77.6526,63.19
2019-05-24,24-May-2019,69.6096,88.3021,77.9744,63.55
2019-05-27,27-May-2019,69.4327,88.4795,77.822,63.38
2019-05-28,28-May-2019,69.6142,88.2792,77.8574,63.59
2019-05-29,29-May-2019,69.8805,88.4706,78.0095,63.97
2019-05-30,30-May-2019,69.7852,88.1666,77.7095,63.59
2019-05-31,31-May-2019,69.8058,88.0093,77.7288,64.08
2019-06-03,03-Jun-2019,69.4338,87.7143,77.5622,64.13
2019-06-06,06-Jun-2019,69.3205,87.8744,77.8192,64.12
2019-06-07,07-Jun-2019,69.3019,88.0217,78.0691,63.92
2019-06-10,10-Jun-2019,69.4598,88.2658,78.5544,63.94
2019-06-11,11-Jun-2019,69.4222,88.0398,78.5799,63.9
2019-06-12,12-Jun-2019,69.4048,88.3282,78.7,64.07
2019-06-13,13-Jun-2019,69.3579,88.0207,78.374,64.03
2019-06-14,14-Jun-2019,69.5646,88.1986,78.4308,64.23
2019-06-17,17-Jun-2019,69.8362,87.8898,78.2729,64.31
2019-06-18,18-Jun-2019,69.801,87.4602,78.4233,64.47
2019-06-19,19-Jun-2019,69.6677,87.4878,77.9925,64.34
2019-06-21,21-Jun-2019,69.6343,88.365,78.5851,64.9
2019-06-24,24-Jun-2019,69.4788,88.6827,79.1137,64.68
2019-06-25,25-Jun-2019,69.3398,88.4161,79.0525,64.81
2019-06-26,26-Jun-2019,69.3192,87.8357,78.7549,64.55
2019-06-27,27-Jun-2019,69.2216,87.7356,78.5887,64.01
2019-07-01,01-Jul-2019,68.9665,87.4697,78.1285,63.64
2019-07-04,04-Jul-2019,68.8545,86.5721,77.6881,63.86
2019-07-05,05-Jul-2019,68.7499,86.5039,77.5178,63.7
2019-07-08,08-Jul-2019,68.6982,86.0596,77.1078,63.42
2019-07-09,09-Jul-2019,68.7301,85.8792,77.0478,63.18
2019-07-10,10-Jul-2019,68.5269,85.3009,76.7908,62.93
2019-07-11,11-Jul-2019,68.3665,85.6541,77.0436,63.32
2019-07-12,12-Jul-2019,68.5855,86.0112,77.2931,63.3
2019-07-15,15-Jul-2019,68.5836,86.1991,77.3074,63.49
2019-07-16,16-Jul-2019,68.5672,85.7657,77.1838,63.45
2019-07-18,18-Jul-2019,68.8758,85.7164,77.4389,63.99
2019-07-19,19-Jul-2019,68.8249,86.2248,77.5161,63.93
2019-07-22,22-Jul-2019,69.0199,86.2956,77.4215,63.94
2019-07-23,23-Jul-2019,68.9922,85.9312,77.2055,63.8
2019-07-24,24-Jul-2019,69.0135,85.8855,76.9616,63.83
2019-07-25,25-Jul-2019,68.9904,86.0738,76.8181,63.81
2019-07-26,26-Jul-2019,69.0611,85.8494,76.9437,63.58
2019-07-29,29-Jul-2019,68.9023,85.2193,76.6552,63.42
2019-07-30,30-Jul-2019,68.75,83.5445,76.5751,63.31
2019-07-31,31-Jul-2019,68.8569,83.7364,76.842,63.43
2019-08-01,01-Aug-2019,69.058,83.7457,76.3059,63.24
2019-08-02,02-Aug-2019,69.3981,84.0892,76.9366,64.82
2019-08-05,05-Aug-2019,70.3584,85.2556,78.2686,66.42
2019-08-06,06-Aug-2019,70.7226,85.9944,79.2494,66.41
2019-08-08,08-Aug-2019,70.8497,86.1528,79.3913,66.76
2019-08-09,09-Aug-2019,70.5185,85.6085,78.9069,66.58
2019-08-13,13-Aug-2019,71.2365,85.8939,79.7557,67.66
2019-08-14,14-Aug-2019,71.0968,85.7442,79.4554,66.82
2019-08-16,16-Aug-2019,71.2872,86.3269,79.1468,67.17
2019-08-19,19-Aug-2019,71.3419,86.8026,79.1386,67.05
2019-08-20,20-Aug-2019,71.6483,86.7809,79.3682,67.27
2019-08-22,22-Aug-2019,71.5508,86.8913,79.3942,67.2
2019-08-23,23-Aug-2019,71.7033,86.9121,79.4272,67.44
2019-08-26,26-Aug-2019,72.1814,88.5955,80.4731,68.61
2019-08-27,27-Aug-2019,71.8206,87.7485,79.7395,67.97
2019-08-29,29-Aug-2019,71.9971,87.9358,79.7949,67.98
2019-08-30,30-Aug-2019,71.7586,87.4292,79.2397,67.49
2019-09-03,03-Sep-2019,72.1899,86.7193,78.9998,67.92
2019-09-04,04-Sep-2019,72.07,87.2806,79.105,67.89
2019-09-05,05-Sep-2019,71.8611,87.8861,79.2091,67.47
2019-09-06,06-Sep-2019,71.7323,88.5057,79.2097,67.04
2019-09-09,09-Sep-2019,71.5886,87.8292,78.936,66.98
2019-09-11,11-Sep-2019,71.6637,88.563,79.1569,66.47
2019-09-13,13-Sep-2019,70.9387,87.6547,78.5646,65.64
2019-09-16,16-Sep-2019,71.5362,89.1393,79.1934,66.34
2019-09-17,17-Sep-2019,71.8196,89.1219,78.9613,66.36
2019-09-18,18-Sep-2019,71.3132,89.0626,78.9052,65.9
2019-09-20,20-Sep-2019,70.937,89.2142,78.4407,65.76
2019-09-23,23-Sep-2019,70.9212,88.4799,78.1835,65.83
2019-09-24,24-Sep-2019,70.8477,88.1152,77.8611,65.88
2019-09-25,25-Sep-2019,71.0395,88.5498,78.1425,66.18
2019-09-26,26-Sep-2019,70.9021,87.6766,77.6619,65.87
2019-09-27,27-Sep-2019,70.8381,87.3259,77.3203,65.71
2019-09-30,30-Sep-2019,70.685,86.9256,77.3284,65.55
2019-10-01,01-Oct-2019,70.9109,87.0554,77.1752,65.49
2019-10-03,03-Oct-2019,71.1163,87.4195,77.8927,66.39
2019-10-04,04-Oct-2019,70.8703,87.5229,77.7844,66.36
2019-10-07,07-Oct-2019,70.9763,87.4182,77.9282,66.41
2019-10-09,09-Oct-2019,71.1121,86.7904,77.9284,66.35
2019-10-10,10-Oct-2019,71.0516,86.8592,78.0544,66.1
2019-10-11,11-Oct-2019,71.0272,88.4298,78.2421,65.78
2019-10-14,14-Oct-2019,71.0188,89.2891,78.2925,65.61
2019-10-15,15-Oct-2019,71.3186,90.4134,78.7419,65.82
2019-10-16,16-Oct-2019,71.5051,91.3506,79.0184,65.77
2019-10-18,18-Oct-2019,71.1988,91.518,79.1854,65.58
2019-10-22,22-Oct-2019,70.8731,91.9602,79.0641,65.26
2019-10-23,23-Oct-2019,70.9373,91.3275,78.9225,65.44
2019-10-24,24-Oct-2019,70.9338,91.6346,78.981,65.3
2019-10-25,25-Oct-2019,70.9593,91.1889,78.8121,65.3
2019-10-29,29-Oct-2019,70.7303,90.9115,78.4418,64.9
2019-10-30,30-Oct-2019,70.9915,91.3594,78.8929,65.23
2019-10-31,31-Oct-2019,70.8095,91.5,79.0338,65.15
2019-11-01,01-Nov-2019,70.8798,91.8465,79.1198,65.65
2019-11-04,04-Nov-2019,70.6821,91.4174,78.9312,65.3
2019-11-05,05-Nov-2019,70.7283,91.1113,78.7046,65.01
2019-11-06,06-Nov-2019,70.8861,91.3207,78.5116,65.0
2019-11-07,07-Nov-2019,71.0079,91.2409,78.5523,65.3
2019-11-08,08-Nov-2019,71.2494,91.2662,78.7311,65.21
2019-11-11,11-Nov-2019,71.445,91.4191,78.7533,65.57
2019-11-13,13-Nov-2019,71.7002,92.1735,78.9744,65.74
2019-11-14,14-Nov-2019,72.0501,92.4273,79.2359,66.28
2019-11-15,15-Nov-2019,71.7109,92.366,79.0445,66.04
2019-11-18,18-Nov-2019,71.7131,92.7011,79.3166,65.89
2019-11-19,19-Nov-2019,71.8138,93.0932,79.5625,66.12
2019-11-20,20-Nov-2019,71.6756,92.526,79.3645,66.05
2019-11-21,21-Nov-2019,71.7996,92.813,79.5152,66.12
2019-11-22,22-Nov-2019,71.8514,92.8291,79.5218,66.14
2019-11-25,25-Nov-2019,71.6468,92.0599,78.9982,65.81
2019-11-26,26-Nov-2019,71.5909,92.3231,78.854,65.7
2019-11-27,27-Nov-2019,71.3627,91.6711,78.5632,65.37
2019-11-28,28-Nov-2019,71.5147,92.5867,78.731,65.33
2019-11-29,29-Nov-2019,71.7255,92.6631,78.975,65.51
2019-12-02,02-Dec-2019,71.7217,92.6496,79.0249,65.41
2019-12-03,03-Dec-2019,71.6006,92.6622,79.2938,65.59
2019-12-04,04-Dec-2019,71.78,93.2719,79.504,66.11
2019-12-05,05-Dec-2019,71.5476,93.8137,79.2924,65.76
2019-12-06,06-Dec-2019,71.3165,93.8772,79.1927,65.61
2019-12-09,09-Dec-2019,71.162,93.7455,78.7189,65.54
2019-12-10,10-Dec-2019,70.8962,93.2739,78.4575,65.27
2019-12-11,11-Dec-2019,70.8679,93.1011,78.5816,65.17
2019-12-12,12-Dec-2019,70.7494,93.4651,78.8101,65.15
2019-12-13,13-Dec-2019,70.7178,95.2767,78.9748,64.53
2019-12-16,16-Dec-2019,70.941,94.9645,79.0084,64.85
2019-12-17,17-Dec-2019,70.9687,94.2242,79.1008,64.78
2019-12-18,18-Dec-2019,71.0611,93.1284,79.137,64.93
2019-12-19,19-Dec-2019,71.0813,92.9995,79.0974,64.86
2019-12-20,20-Dec-2019,71.1569,92.6164,79.1051,65.09
2019-12-23,23-Dec-2019,71.1699,92.6613,78.8814,65.04
2019-12-24,24-Dec-2019,71.1959,92.1522,78.9487,65.07
2019-12-26,26-Dec-2019,71.2699,92.5549,79.0264,65.05
2019-12-27,27-Dec-2019,71.2214,92.5532,79.1859,65.04
2019-12-30,30-Dec-2019,71.3449,93.5536,79.883,65.37
2019-12-31,31-Dec-2019,71.3449,93.5536,79.883,65.37
2020-01-01,01-Jan-2020,71.3717,94.6413,80.0305,65.69
2020-01-02,02-Jan-2020,71.3429,94.2535,79.9392,65.61
2020-01-03,03-Jan-2020,71.6949,93.9891,80.0507,66.32
2020-01-06,06-Jan-2020,72.0919,94.289,80.4531,66.74
2020-01-07,07-Jan-2020,71.7764,94.43,80.2805,66.22
2020-01-08,08-Jan-2020,72.0178,94.5776,80.3166,66.45
2020-01-09,09-Jan-2020,71.4221,93.6525,79.3742,65.36
2020-01-10,10-Jan-2020,71.1136,93.0583,79.002,64.9
2020-01-13,13-Jan-2020,70.8115,92.2598,78.8019,64.59
2020-01-14,14-Jan-2020,70.9242,92.139,78.9892,64.43
2020-01-15,15-Jan-2020,70.8753,92.3756,78.9097,64.47
2020-01-16,16-Jan-2020,70.9065,92.4484,79.0485,64.49
2020-01-17,17-Jan-2020,71.0436,92.9492,79.1374,64.45
2020-01-20,20-Jan-2020,71.057,92.3305,78.8766,64.49
2020-01-21,21-Jan-2020,71.1825,92.6222,78.9907,64.74
2020-01-22,22-Jan-2020,71.2056,93.0135,78.9124,64.71
2020-01-23,23-Jan-2020,71.2437,93.4789,78.9556,65.05
2020-01-24,24-Jan-2020,71.2404,93.5097,78.6902,65.04
2020-01-27,27-Jan-2020,71.3948,93.2473,78.729,65.46
2020-01-28,28-Jan-2020,71.3263,93.0918,78.6211,65.41
2020-01-29,29-Jan-2020,71.1875,92.7174,78.4221,65.24
2020-01-30,30-Jan-2020,71.4772,93.0209,78.7102,65.62
2020-01-31,31-Jan-2020,71.5096,93.6614,78.8169,65.58
2020-02-03,03-Feb-2020,71.5803,94.1954,79.3301,65.96
2020-02-04,04-Feb-2020,71.135,92.6021,78.6857,65.36
2020-02-05,05-Feb-2020,71.2664,92.7746,78.6544,65.12
2020-02-06,06-Feb-2020,71.2558,92.5195,78.3804,64.82
2020-02-07,07-Feb-2020,71.2476,92.2248,78.228,64.79
2020-02-10,10-Feb-2020,71.3046,92.0162,78.1118,64.93
2020-02-11,11-Feb-2020,71.2291,92.0,77.7067,64.8
2020-02-12,12-Feb-2020,71.258,92.3157,77.7373,64.86
2020-02-13,13-Feb-2020,71.4699,92.5626,77.7049,65.09
2020-02-14,14-Feb-2020,71.3865,93.1289,77.3544,65.03
2020-02-17,17-Feb-2020,71.4259,93.1737,77.4162,65.02
2020-02-18,18-Feb-2020,71.4013,92.8193,77.3628,65.04
2020-02-20,20-Feb-2020,71.5899,92.3958,77.2522,64.21
2020-02-24,24-Feb-2020,71.8522,92.9485,77.734,64.4
2020-02-25,25-Feb-2020,71.8598,92.9751,78.0067,64.82
2020-02-26,26-Feb-2020,71.7291,93.1641,77.9796,64.97
2020-02-27,27-Feb-2020,71.6124,92.6273,78.1692,65.06
2020-02-28,28-Feb-2020,72.1895,93.0104,79.4421,66.3
2020-03-02,02-Mar-2020,72.242,92.7404,79.7605,66.73
2020-03-03,03-Mar-2020,72.8733,93.1462,81.2387,67.62
2020-03-04,04-Mar-2020,73.5603,94.2175,81.9937,68.44
2020-03-05,05-Mar-2020,73.2824,94.3682,81.6141,68.27
2020-03-06,06-Mar-2020,73.6629,95.4377,82.693,69.56
2020-03-09,09-Mar-2020,73.9538,96.669,84.333,72.06
2020-03-11,11-Mar-2020,73.8128,95.4675,83.7957,70.64
2020-03-12,12-Mar-2020,74.1694,94.9947,83.758,71.56
2020-03-13,13-Mar-2020,74.0694,93.003,82.9577,70.21
2020-03-16,16-Mar-2020,74.2723,91.6827,82.7027,69.82
2020-03-18,18-Mar-2020,74.1727,89.7594,81.721,69.39
2020-03-19,19-Mar-2020,75.0583,86.6248,82.0317,69.06
2020-03-20,20-Mar-2020,75.0063,87.4203,80.6458,68.19
2020-03-23,23-Mar-2020,75.8814,88.7595,81.5432,69.04
2020-03-24,24-Mar-2020,76.1522,88.5046,82.1119,68.98
2020-03-26,26-Mar-2020,75.2392,89.0185,82.0483,67.98
2020-03-27,27-Mar-2020,74.8434,91.5604,82.6411,68.89
2020-03-30,30-Mar-2020,75.3451,93.3671,83.4588,69.84
2020-03-31,31-Mar-2020,75.3859,93.076,83.0496,69.65
2020-04-03,03-Apr-2020,75.8276,93.8816,82.2168,70.27
2020-04-07,07-Apr-2020,75.8438,93.1685,82.1328,69.68
2020-04-08,08-Apr-2020,76.0867,93.5724,82.4699,69.88
2020-04-09,09-Apr-2020,76.4577,94.542,82.9153,70.18
2020-04-13,13-Apr-2020,76.3617,95.3681,83.5657,70.8
2020-04-15,15-Apr-2020,76.2743,95.9754,83.6012,71.23
2020-04-16,16-Apr-2020,76.7408,95.9853,83.6541,71.22
2020-04-17,17-Apr-2020,76.5444,95.4657,83.0542,71.04
2020-04-20,20-Apr-2020,76.6335,95.4894,83.1719,71.05
2020-04-21,21-Apr-2020,76.6516,95.1354,83.0878,71.31
2020-04-22,22-Apr-2020,76.8084,94.5117,83.3832,71.41
2020-04-23,23-Apr-2020,76.0635,93.9886,82.3129,70.55
2020-04-24,24-Apr-2020,76.4173,94.22,82.2113,71.0
2020-04-27,27-Apr-2020,76.1269,94.7348,82.6241,71.03
2020-04-28,28-Apr-2020,76.371,94.7774,82.5927,71.23
2020-04-29,29-Apr-2020,75.6961,94.3567,82.1202,71.04
2020-04-30,30-Apr-2020,75.115,93.5923,81.617,70.48
2020-05-04,04-May-2020,75.7902,94.2103,82.8351,70.99
2020-05-05,05-May-2020,75.5715,94.217,82.4626,70.84
2020-05-06,06-May-2020,75.6911,94.0967,81.9765,71.16
2020-05-08,08-May-2020,75.4411,93.4967,81.7983,70.93
2020-05-11,11-May-2020,75.6838,93.9867,82.0549,70.78
2020-05-12,12-May-2020,75.7944,93.4024,81.956,70.52
2020-05-13,13-May-2020,75.3885,92.6153,81.8222,70.37
2020-05-14,14-May-2020,75.444,91.9853,81.5037,70.64
2020-05-15,15-May-2020,75.5634,92.2604,81.6548,70.48
2020-05-18,18-May-2020,75.9345,91.9542,82.191,70.84
2020-05-19,19-May-2020,75.6638,92.5853,82.6819,70.44
2020-05-20,20-May-2020,75.6712,92.6432,82.806,70.21
2020-05-21,21-May-2020,75.7785,92.3831,83.0376,70.34
2020-05-22,22-May-2020,75.7868,92.4927,82.8183,70.55
2020-05-26,26-May-2020,75.6404,92.602,82.6417,70.11
2020-05-27,27-May-2020,75.6476,93.2175,82.9173,70.34
2020-05-28,28-May-2020,75.7501,92.9418,83.4812,70.25
2020-05-29,29-May-2020,75.6369,93.3127,83.9146,70.56
2020-06-01,01-Jun-2020,75.4792,93.5308,84.0904,70.16
2020-06-02,02-Jun-2020,75.5871,94.6381,84.1133,70.16
2020-06-03,03-Jun-2020,75.326,94.8651,84.444,69.3
2020-06-04,04-Jun-2020,75.529,94.656,84.6353,69.22
2020-06-05,05-Jun-2020,75.4665,95.4717,85.8416,69.03
2020-06-08,08-Jun-2020,75.6307,96.0258,85.3523,69.05
2020-06-09,09-Jun-2020,75.4931,95.9729,85.1532,69.92
2020-06-10,10-Jun-2020,75.4688,96.2997,85.7034,70.26
2020-06-11,11-Jun-2020,75.7907,96.1046,86.0472,70.77
2020-06-12,12-Jun-2020,75.973,95.5649,85.8692,70.89
2020-06-15,15-Jun-2020,76.1056,94.8418,85.5249,70.96
2020-06-16,16-Jun-2020,75.841,96.0445,85.9602,70.54
2020-06-17,17-Jun-2020,76.2032,95.825,85.977,71.03
2020-06-18,18-Jun-2020,76.1509,95.5816,85.6916,71.21
2020-06-19,19-Jun-2020,76.2144,94.7934,85.4175,71.27
2020-06-22,22-Jun-2020,76.062,94.2074,85.1935,71.13
2020-06-23,23-Jun-2020,75.7549,94.3396,85.3308,70.67
2020-06-24,24-Jun-2020,75.7087,94.7222,85.7007,71.03
2020-06-25,25-Jun-2020,75.6349,93.9184,85.0676,70.57
2020-06-26,26-Jun-2020,75.4757,93.7101,84.6264,70.47
2020-06-29,29-Jun-2020,75.568,93.5829,85.1173,70.57
2020-06-30,30-Jun-2020,75.527,92.6892,84.6658,70.15
2020-07-01,01-Jul-2020,75.5813,93.5838,84.8894,70.19
2020-07-02,02-Jul-2020,75.4876,94.361,85.0695,70.24
2020-07-03,03-Jul-2020,74.7843,93.272,84.0486,69.56
2020-07-06,06-Jul-2020,74.6822,93.3537,84.3167,69.35
2020-07-07,07-Jul-2020,74.8609,93.4868,84.6113,69.6
2020-07-08,08-Jul-2020,75.027,94.1229,84.5399,69.75
2020-07-09,09-Jul-2020,75.0031,94.7779,85.1875,69.95
2020-07-10,10-Jul-2020,75.2865,94.7686,84.7992,70.46
2020-07-13,13-Jul-2020,75.1567,95.1168,85.122,70.3
2020-07-14,14-Jul-2020,75.3935,94.547,85.5364,70.25
2020-07-15,15-Jul-2020,75.3123,94.8433,85.9218,70.24
2020-07-16,16-Jul-2020,75.242,94.4588,85.8025,70.37
2020-07-17,17-Jul-2020,75.1015,94.2539,85.495,70.06
2020-07-20,20-Jul-2020,74.9666,94.0641,85.9357,69.9
2020-07-21,21-Jul-2020,74.7678,94.8719,85.5708,69.67
2020-07-22,22-Jul-2020,74.6848,94.9657,86.0638,69.9
2020-07-23,23-Jul-2020,74.7548,95.285,86.6458,69.79
2020-07-24,24-Jul-2020,74.8672,95.4187,86.9463,70.4
2020-07-27,27-Jul-2020,74.762,95.8937,87.5289,70.79
2020-07-28,28-Jul-2020,74.7458,96.155,87.7212,70.83
2020-07-29,29-Jul-2020,74.7667,96.6709,87.7766,71.22
2020-07-30,30-Jul-2020,74.8412,96.9278,87.9624,71.12
2020-07-31,31-Jul-2020,74.7722,98.1719,88.8737,71.64
2020-08-03,03-Aug-2020,74.9789,97.9754,88.1262,70.78
2020-08-04,04-Aug-2020,75.0894,98.1238,88.3682,70.77
2020-08-05,05-Aug-2020,74.9086,97.9994,88.5305,70.91
2020-08-06,06-Aug-2020,74.8591,98.544,89.0738,71.0
2020-08-07,07-Aug-2020,74.9556,98.3922,88.7829,71.01
2020-08-10,10-Aug-2020,74.878,97.8411,88.3276,70.79
2020-08-11,11-Aug-2020,74.8436,97.7832,87.805,70.49
2020-08-12,12-Aug-2020,74.8286,97.6239,87.7779,70.11
2020-08-13,13-Aug-2020,74.8369,97.8478,88.55,70.17
2020-08-14,14-Aug-2020,74.7721,97.7346,88.3941,69.99
2020-08-16,17-Aug-2020,74.8464,98.0757,88.7908,70.26
2020-08-17,18-Aug-2020,74.819,98.4379,88.9907,70.92
2020-08-18,19-Aug-2020,74.7608,99.1353,89.2828,70.86
2020-08-19,20-Aug-2020,75.0062,98.1271,88.8228,70.7
2020-08-20,21-Aug-2020,74.8755,99.1247,88.8587,70.9
2020-08-23,24-Aug-2020,74.828,98.0569,88.2938,70.7
2020-08-24,25-Aug-2020,74.3952,97.4582,87.8538,70.16
2020-08-25,26-Aug-2020,74.3541,97.7647,87.8761,69.62
2020-08-26,27-Aug-2020,74.3263,98.1464,87.9141,70.09
2020-08-27,28-Aug-2020,73.3528,97.2849,87.0673,69.03
2020-08-30,31-Aug-2020,73.5951,98.1297,87.5742,69.67
2020-08-31,01-Sep-2020,72.8204,97.6895,87.3053,68.92
2020-09-01,02-Sep-2020,73.0126,97.6042,86.8903,68.85
2020-09-02,03-Sep-2020,73.356,97.4681,86.5469,69.01
2020-09-03,04-Sep-2020,73.338,97.3498,86.8513,69.07
2020-09-06,07-Sep-2020,73.2831,96.8431,86.6993,68.95
2020-09-07,08-Sep-2020,73.2831,96.8431,86.6993,68.95
2020-09-08,09-Sep-2020,73.6728,95.4868,86.7527,69.56
2020-09-09,10-Sep-2020,73.3541,95.5075,86.7789,69.14
2020-09-10,11-Sep-2020,73.4737,94.1732,86.9693,69.19
2020-09-13,14-Sep-2020,73.383,94.076,86.9349,69.2
2020-09-14,15-Sep-2020,73.4169,94.4396,87.3181,69.49
2020-09-15,16-Sep-2020,73.7451,95.0756,87.3688,70.0
2020-09-16,17-Sep-2020,73.7021,95.4452,86.7601,70.29
2020-09-17,18-Sep-2020,73.297,95.0633,86.8804,69.93
2020-09-20,21-Sep-2020,73.3164,95.0308,86.9567,70.29
2020-09-21,22-Sep-2020,73.4951,93.9782,86.296,70.25
2020-09-22,23-Sep-2020,73.6273,93.4257,85.9869,70.04
2020-09-23,24-Sep-2020,73.9246,93.865,86.1414,70.2
2020-09-24,25-Sep-2020,73.7297,94.057,86.0411,70.0
2020-09-27,28-Sep-2020,73.5733,93.9477,85.5824,69.83
2020-09-28,29-Sep-2020,73.8521,94.9704,86.1736,69.92
2020-09-29,30-Sep-2020,73.7978,94.7347,86.5688,69.91
2020-09-30,01-Oct-2020,73.3834,94.9899,86.2211,69.55
2020-10-04,05-Oct-2020,73.264,94.6918,85.904,69.38
2020-10-05,06-Oct-2020,73.3684,95.2786,86.4392,69.43
2020-10-06,07-Oct-2020,73.3603,94.6255,86.1622,69.38
2020-10-07,08-Oct-2020,73.2943,94.8804,86.327,69.15
2020-10-08,09-Oct-2020,73.2103,94.7956,86.2061,69.11
2020-10-11,12-Oct-2020,73.1351,95.4491,86.4374,69.34
2020-10-12,13-Oct-2020,73.379,95.7616,86.5447,69.65
2020-10-13,14-Oct-2020,73.4558,94.8118,86.2738,69.65
2020-10-14,15-Oct-2020,73.2677,95.2602,86.0852,69.58
2020-10-15,16-Oct-2020,73.383,94.5613,85.842,69.7
2020-10-18,19-Oct-2020,73.4189,94.9786,85.9667,69.64
2020-10-19,20-Oct-2020,73.3337,94.951,86.3377,69.5
2020-10-20,21-Oct-2020,73.4546,95.3818,87.0564,69.77
2020-10-21,22-Oct-2020,73.6557,96.8342,87.3075,70.39
2020-10-22,23-Oct-2020,73.578,96.0585,86.775,70.26
2020-10-25,26-Oct-2020,73.7331,96.0172,87.2533,70.3
2020-10-26,27-Oct-2020,73.749,96.17,87.264,70.44
2020-10-27,28-Oct-2020,73.765,96.2997,86.9237,70.77
2020-10-28,29-Oct-2020,73.9732,96.3269,86.9654,70.87
2020-11-01,02-Nov-2020,74.322,95.862,86.487,70.96
2020-11-02,03-Nov-2020,74.326,96.0946,86.6557,70.98
2020-11-03,04-Nov-2020,74.6915,97.0432,87.0519,71.18
2020-11-04,05-Nov-2020,74.2677,96.2594,87.1799,71.19
2020-11-05,06-Nov-2020,74.0535,97.2026,87.5159,71.52
2020-11-08,09-Nov-2020,73.9258,97.4041,87.8805,71.41
2020-11-09,10-Nov-2020,74.2116,97.8208,87.7829,70.67
2020-11-10,11-Nov-2020,74.2529,98.4311,87.7704,70.5
2020-11-11,12-Nov-2020,74.45,98.2839,87.6172,70.76
2020-11-12,13-Nov-2020,74.6713,98.0036,88.1515,71.16
2020-11-16,17-Nov-2020,74.5087,98.4623,88.3261,71.29
2020-11-17,18-Nov-2020,74.3629,98.6087,88.2807,71.49
2020-11-18,19-Nov-2020,74.2555,98.2697,87.9764,71.53
2020-11-19,20-Nov-2020,74.1598,98.4956,88.1547,71.47
2020-11-22,23-Nov-2020,74.1409,98.8066,88.0626,71.46
2020-11-23,24-Nov-2020,73.9752,98.6972,87.6917,70.86
2020-11-24,25-Nov-2020,73.9762,98.6936,87.9903,70.77
2020-11-25,26-Nov-2020,73.8262,98.8641,88.0825,70.75
2020-11-26,27-Nov-2020,73.7983,98.7057,88.0222,70.97
2020-11-30,01-Dec-2020,73.5083,98.2448,87.9002,70.44
2020-12-01,02-Dec-2020,73.6501,98.8345,89.9374,70.52
2020-12-02,03-Dec-2020,73.8938,98.932,89.5544,70.74
2020-12-03,04-Dec-2020,73.7413,99.2578,89.6404,70.99
2020-12-06,07-Dec-2020,73.7657,98.9341,89.468,70.84
2020-12-07,08-Dec-2020,73.7613,98.5702,89.4002,70.89
2020-12-08,09-Dec-2020,73.5882,98.5498,89.3689,70.65
2020-12-09,10-Dec-2020,73.6684,98.3959,89.0769,70.53
2020-12-10,11-Dec-2020,73.5914,98.0031,89.4665,70.73
2020-12-13,14-Dec-2020,73.5417,98.008,89.3002,70.7
2020-12-14,15-Dec-2020,73.6532,98.2401,89.5048,70.76
2020-12-15,16-Dec-2020,73.5209,98.9185,89.4068,70.98
2020-12-16,17-Dec-2020,73.4336,99.5427,89.7887,71.07
2020-12-17,18-Dec-2020,73.5146,99.4971,90.0348,71.1
2020-12-20,21-Dec-2020,73.6498,98.3451,89.7521,71.19
2020-12-21,22-Dec-2020,73.8879,99.0684,90.3097,71.45
2020-12-22,23-Dec-2020,73.8132,98.9855,89.9345,71.34
2020-12-23,24-Dec-2020,73.5838,99.7507,89.808,71.05
2020-12-27,28-Dec-2020,73.5886,99.8445,89.9488,71.12
2020-12-28,29-Dec-2020,73.3669,98.9162,89.7928,70.75
2020-12-31,01-Jan-2021,73.0328,99.8018,89.2271,70.7
2021-01-03,04-Jan-2021,73.0115,99.8637,89.4191,70.87
2021-01-04,05-Jan-2021,73.1068,99.4058,89.6979,71.03
2021-01-05,06-Jan-2021,73.139,99.6529,89.999,71.19
2021-01-06,07-Jan-2021,73.133,99.3444,90.0467,70.84
2021-01-07,08-Jan-2021,73.3344,99.5246,89.9446,70.6
2021-01-10,11-Jan-2021,73.4511,99.18,89.4909,70.52
2021-01-11,12-Jan-2021,73.3725,99.3654,89.173,70.4
2021-01-12,13-Jan-2021,73.1546,100.0638,89.3471,70.55
2021-01-14,15-Jan-2021,73.0243,99.8262,88.6447,70.37
2021-01-17,18-Jan-2021,73.22,99.3478,88.4122,70.57
2021-01-18,19-Jan-2021,73.0243,99.8262,88.6447,70.37
2021-01-19,20-Jan-2021,73.1251,99.8874,88.8046,70.48
2021-01-21,22-Jan-2021,73.038,100.0591,88.8624,70.49
2021-01-24,25-Jan-2021,72.9297,100.0255,88.8187,70.32
2021-01-26,27-Jan-2021,72.8176,100.0548,88.5632,70.23
2021-01-27,28-Jan-2021,73.0674,99.8929,88.377,70.07
2021-01-28,29-Jan-2021,72.9519,100.0151,88.301,69.82
2021-01-31,01-Feb-2021,73.0189,100.3586,88.5812,69.75
2021-02-01,02-Feb-2021,72.9805,99.8602,88.1113,69.53
2021-02-02,03-Feb-2021,72.9396,99.5742,87.8168,69.44
2021-02-03,04-Feb-2021,72.9152,99.1739,87.5916,69.33
2021-02-04,05-Feb-2021,72.8986,99.7258,87.1979,69.07
2021-02-07,08-Feb-2021,72.8623,100.0433,87.717,69.05
2021-02-08,09-Feb-2021,72.8883,100.4377,88.0321,69.51
2021-02-09,10-Feb-2021,72.8458,100.6821,88.327,69.66
2021-02-10,11-Feb-2021,72.7772,100.7741,88.2661,69.59
2021-02-11,12-Feb-2021,72.7998,100.4472,88.2877,69.44
2021-02-14,15-Feb-2021,72.5906,100.8835,88.124,69.07
2021-02-15,16-Feb-2021,72.7219,101.3297,88.2587,68.91
2021-02-16,17-Feb-2021,72.8359,101.1482,88.0557,68.77
2021-02-17,18-Feb-2021,72.7327,100.7149,87.6148,68.68
2021-02-21,22-Feb-2021,72.3664,101.4263,87.7177,68.5
2021-02-22,23-Feb-2021,72.3707,101.8048,88.052,68.86
2021-02-23,24-Feb-2021,72.2923,102.376,87.827,69.38
2021-02-25,26-Feb-2021,73.0408,101.8953,88.7967,68.78
2021-02-28,01-Mar-2021,73.2948,102.4915,88.5875,68.78
2021-03-01,02-Mar-2021,73.3507,101.9012,88.2047,68.66
2021-03-02,03-Mar-2021,73.0662,101.8747,88.28,68.37
2021-03-03,04-Mar-2021,72.7126,101.4753,87.6851,67.88
2021-03-04,05-Mar-2021,72.7572,101.0103,86.9885,67.27
2021-03-07,08-Mar-2021,73.0023,100.9247,86.9177,67.33
2021-03-08,09-Mar-2021,73.1181,101.2305,86.7264,66.99
2021-03-09,10-Mar-2021,72.9737,101.0554,86.6227,67.02
2021-03-11,12-Mar-2021,72.6845,101.4739,86.8812,66.77
2021-03-14,15-Mar-2021,72.7097,101.1261,86.7572,66.53
2021-03-15,16-Mar-2021,72.4811,100.5221,86.4844,66.4
2021-03-16,17-Mar-2021,72.5716,100.8673,86.4105,66.52
2021-03-17,18-Mar-2021,72.5248,101.2688,86.8177,66.61
2021-03-18,19-Mar-2021,72.5155,100.943,86.4515,66.64
2021-03-21,22-Mar-2021,72.3772,100.2579,86.0493,66.56
2021-03-22,23-Mar-2021,72.2928,100.0099,86.2169,66.48
2021-03-23,24-Mar-2021,72.6558,99.615,86.023,66.96
2021-03-24,25-Mar-2021,72.6102,99.3675,85.819,66.63
2021-03-25,26-Mar-2021,72.4046,99.6234,85.3129,66.26
2021-03-29,30-Mar-2021,73.0407,100.5598,85.8494,66.34
2021-03-30,31-Mar-2021,73.5047,100.9509,86.099,66.36
2021-04-04,05-Apr-2021,73.433,101.5319,86.296,66.36
2021-04-06,07-Apr-2021,74.1172,102.1898,88.0097,67.49
2021-04-07,08-Apr-2021,74.37,102.3282,88.2836,67.79
2021-04-11,12-Apr-2021,74.8525,102.6128,89.0041,68.34
2021-04-14,15-Apr-2021,75.1699,103.5891,90.0315,69.02
2021-04-15,16-Apr-2021,74.5607,102.4449,89.19,68.49
2021-04-18,19-Apr-2021,74.8847,103.7607,89.61,69.01
2021-04-19,20-Apr-2021,74.7296,104.5771,90.1458,68.95
2021-04-21,22-Apr-2021,74.9404,104.4749,90.2467,69.43
2021-04-22,23-Apr-2021,74.9144,103.8059,90.0876,69.4
2021-04-25,26-Apr-2021,74.7672,103.9528,90.5087,69.34
2021-04-26,27-Apr-2021,74.5993,103.5826,90.0329,68.92
2021-04-27,28-Apr-2021,74.4042,103.2636,89.783,68.28
2021-04-28,29-Apr-2021,74.0573,103.346,89.8276,68.13
2021-05-05,06-May-2021,73.9406,102.7917,88.7849,67.63
2021-05-06,07-May-2021,73.7443,102.5075,88.8997,67.55
2021-05-09,10-May-2021,73.4135,103.2497,89.2498,67.41
2021-05-10,11-May-2021,73.4518,103.6757,89.1514,67.44
2021-05-11,12-May-2021,73.4389,103.7951,89.1171,67.51
2021-05-13,14-May-2021,73.3721,103.0467,88.7568,67.01
2021-05-16,17-May-2021,73.2423,103.2682,88.8864,67.06
2021-05-17,18-May-2021,73.0353,103.5728,88.977,66.95
2021-05-18,19-May-2021,72.967,103.5027,89.3165,66.95
2021-05-19,20-May-2021,73.1168,103.2765,89.1255,67.01
2021-05-20,21-May-2021,73.0233,103.6103,89.3075,67.14
2021-05-23,24-May-2021,72.8961,103.201,88.8565,67.03
2021-05-24,25-May-2021,72.8045,103.3106,89.0666,66.97
2021-05-27,28-May-2021,72.4767,102.7724,88.2307,65.96
2021-05-30,31-May-2021,72.5211,102.8678,88.4216,66.08
2021-05-31,01-Jun-2021,72.7714,103.4906,88.9587,66.48
2021-06-01,02-Jun-2021,73.2088,103.6324,89.4241,66.72
2021-06-02,03-Jun-2021,73.1197,103.4653,89.1407,66.59
2021-06-03,04-Jun-2021,73.0266,102.9636,88.4459,66.25
2021-06-06,07-Jun-2021,72.8087,102.7942,88.5087,66.49
2021-06-07,08-Jun-2021,72.8419,103.1349,88.7209,66.55
2021-06-08,09-Jun-2021,72.9769,103.3878,88.9068,66.69
2021-06-09,10-Jun-2021,72.9947,103.0121,88.8418,66.67
2021-06-10,11-Jun-2021,72.9844,103.5079,88.9831,66.7
2021-06-13,14-Jun-2021,73.1893,103.2316,88.5483,66.7
2021-06-14,15-Jun-2021,73.2765,103.421,88.9205,66.58
2021-06-15,16-Jun-2021,73.3703,103.3841,88.9825,66.63
2021-06-16,17-Jun-2021,73.731,103.1212,88.3646,66.6
2021-06-17,18-Jun-2021,74.1442,103.012,88.2583,67.35
2021-06-20,21-Jun-2021,74.1522,102.4541,88.0839,67.45
2021-06-21,22-Jun-2021,74.13,103.0684,88.2271,67.13
2021-06-22,23-Jun-2021,74.3737,103.7188,88.6966,67.1
2021-06-23,24-Jun-2021,74.2362,103.6417,88.5791,66.97
2021-06-24,25-Jun-2021,74.179,103.3002,88.5677,66.92
2021-06-27,28-Jun-2021,74.2023,103.1204,88.4996,67.03
2021-06-28,29-Jun-2021,74.2183,102.9141,88.4504,67.1
2021-06-29,30-Jun-2021,74.3456,102.9478,88.5035,67.28
2021-07-06,07-Jul-2021,74.7438,103.2302,88.401,67.52
2021-07-07,08-Jul-2021,74.6979,102.8754,88.1231,67.77
2021-07-08,09-Jul-2021,74.6446,102.7478,88.2857,67.79
2021-07-11,12-Jul-2021,74.466,103.3906,88.3082,67.57
2021-07-12,13-Jul-2021,74.4884,103.4093,88.3522,67.49
2021-07-13,14-Jul-2021,74.5708,103.2294,87.9488,67.51
2021-07-14,15-Jul-2021,74.5187,103.2998,88.2227,67.84
2021-07-15,16-Jul-2021,74.6232,103.1402,88.1081,67.84
2021-07-18,19-Jul-2021,74.7902,102.8425,88.2719,68.02
2021-07-19,20-Jul-2021,74.8596,102.2313,88.2031,68.36
2021-07-21,22-Jul-2021,74.3679,102.1076,87.7219,67.51
2021-07-22,23-Jul-2021,74.4262,102.3787,87.6076,67.49
2021-07-25,26-Jul-2021,74.4578,102.3393,87.7019,67.51
2021-07-26,27-Jul-2021,74.416,102.7948,87.7791,67.53
2021-07-27,28-Jul-2021,74.435,103.3009,87.9678,67.77
2021-07-28,29-Jul-2021,74.2822,103.5108,88.0769,67.66
2021-07-29,30-Jul-2021,74.3871,103.7269,88.3882,67.89
2021-08-01,02-Aug-2021,74.4035,103.4531,88.3224,67.85
2021-08-02,03-Aug-2021,74.2957,103.2106,88.2207,68.08
2021-08-03,04-Aug-2021,74.1493,103.2816,88.0241,67.95
2021-08-04,05-Aug-2021,74.2644,103.0904,87.881,67.69
2021-08-05,06-Aug-2021,74.1888,103.2787,87.7327,67.55
2021-08-08,09-Aug-2021,74.2261,103.0036,87.3166,67.39
2021-08-09,10-Aug-2021,74.3855,102.9927,87.3201,67.39
2021-08-10,11-Aug-2021,74.4276,102.9091,87.1686,67.22
2021-08-11,12-Aug-2021,74.2816,103.0068,87.1997,67.28
2021-08-12,13-Aug-2021,74.2971,102.5691,87.1931,67.3
2021-08-16,17-Aug-2021,74.2856,102.6152,87.403,67.95
2021-08-17,18-Aug-2021,74.3002,102.1212,87.0833,67.8
2021-08-19,20-Aug-2021,74.4275,101.3613,86.9417,67.87
2021-08-22,23-Aug-2021,74.2765,101.4454,87.0105,67.55
2021-08-23,24-Aug-2021,74.1379,101.8833,87.0735,67.51
2021-08-24,25-Aug-2021,74.2992,101.9306,87.2436,67.73
2021-08-25,26-Aug-2021,74.2578,102.0639,87.345,67.49
2021-08-26,27-Aug-2021,74.1332,101.5674,87.1984,67.4
2021-08-29,30-Aug-2021,73.5007,101.2085,86.7347,66.96
2021-08-30,31-Aug-2021,73.1536,100.951,86.5324,66.6
2021-08-31,01-Sep-2021,72.9589,100.3448,86.0682,66.18
2021-09-01,02-Sep-2021,72.9771,100.5756,86.4195,66.36
2021-09-02,03-Sep-2021,73.0651,101.0929,86.7911,66.4
2021-09-05,06-Sep-2021,73.0589,101.1802,86.7448,66.54
2021-09-06,07-Sep-2021,73.2814,101.3448,86.9914,66.69
2021-09-07,08-Sep-2021,73.6519,101.3769,87.1533,66.69
2021-09-08,09-Sep-2021,73.6887,101.49,87.1266,66.94
2021-09-12,13-Sep-2021,73.635,101.769,86.797,66.89
2021-09-13,14-Sep-2021,73.6214,101.9759,86.994,66.9
2021-09-14,15-Sep-2021,73.6712,101.8121,86.9738,67.25
2021-09-15,16-Sep-2021,73.4311,101.5209,86.681,67.18
2021-09-16,17-Sep-2021,73.4927,101.3812,86.521,66.89
2021-09-19,20-Sep-2021,73.6459,100.9199,86.2757,67.04
2021-09-20,21-Sep-2021,73.5907,100.6721,86.367,67.16
2021-09-21,22-Sep-2021,73.8026,100.7602,86.5262,67.36
2021-09-22,23-Sep-2021,73.7261,100.6597,86.377,67.11
2021-09-23,24-Sep-2021,73.6935,101.1198,86.469,66.66
2021-09-26,27-Sep-2021,73.6567,100.6499,86.306,66.55
2021-09-27,28-Sep-2021,73.7746,101.1258,86.2814,66.33
2021-09-28,29-Sep-2021,74.153,100.461,86.6255,66.52
2021-09-29,30-Sep-2021,74.2551,99.8647,86.1379,66.35
2021-09-30,01-Oct-2021,73.6395,101.1198,86.469,66.66
2021-10-03,04-Oct-2021,74.2429,100.563,86.1153,66.89
2021-10-04,05-Oct-2021,74.5307,101.3081,86.4263,67.03
2021-10-05,06-Oct-2021,74.6292,101.5489,86.4331,66.78
2021-10-06,07-Oct-2021,74.8607,101.6943,86.4995,67.16
2021-10-08,08-Oct-2021,74.994,102.0048,86.5981,67.01
2021-10-09,10-Oct-2021,74.994,102.0048,86.5981,67.01
2021-10-11,11-Oct-2021,75.1283,102.7059,87.0371,66.67
2021-10-12,12-Oct-2021,75.3424,102.4928,87.1476,66.59
2021-10-13,13-Oct-2021,75.4576,102.7074,87.153,66.49
2021-10-14,14-Oct-2021,75.3039,103.0213,87.3234,66.33
2021-10-18,18-Oct-2021,75.3434,103.4314,87.2035,65.93
2021-10-20,20-Oct-2021,75.0507,103.4614,87.36,65.55
2021-10-21,21-Oct-2021,74.7635,103.2977,87.1359,65.55
2021-10-22,22-Oct-2021,74.7836,103.1555,87.0137,65.63
2021-10-25,25-Oct-2021,75.0191,103.2993,87.4173,66.02
2021-10-26,26-Oct-2021,75.1167,103.4367,87.1754,65.93
2021-10-27,27-Oct-2021,74.9519,103.1598,86.9302,65.72
2021-10-28,28-Oct-2021,74.8216,102.8378,86.8275,65.9
2021-10-29,29-Oct-2021,74.7858,103.1097,87.2616,65.86
2021-11-01,01-Nov-2021,74.9298,102.484,86.5994,65.59
2021-11-02,02-Nov-2021,74.7616,102.0152,86.7464,65.76
2021-11-03,03-Nov-2021,74.5684,101.6457,86.3726,65.49
2021-11-08,08-Nov-2021,74.1106,99.9703,85.7079,65.23
2021-11-09,09-Nov-2021,73.9191,100.3452,85.7782,65.52
2021-11-10,10-Nov-2021,74.1659,100.5072,85.8713,65.69
2021-11-11,11-Nov-2021,74.4749,99.9925,85.5091,65.37
2021-11-12,12-Nov-2021,74.4694,99.5646,85.2238,65.18
2021-11-15,15-Nov-2021,74.3548,99.8684,85.1878,65.3
2021-11-16,16-Nov-2021,74.4535,99.935,84.6988,65.2
2021-11-17,17-Nov-2021,74.3753,99.9659,84.0843,64.76
2021-11-18,18-Nov-2021,74.1552,100.0482,83.919,64.91
2021-11-22,22-Nov-2021,74.3836,99.982,83.8645,65.16
2021-11-23,23-Nov-2021,74.5042,99.7283,83.7104,64.73
2021-11-24,24-Nov-2021,74.4063,99.5502,83.6486,64.71
2021-11-25,25-Nov-2021,74.5068,99.4646,83.5619,64.57
2021-11-26,26-Nov-2021,74.7148,99.3607,83.8504,65.2
2021-11-29,29-Nov-2021,75.091,100.1399,84.7092,66.4
2021-11-30,30-Nov-2021,75.0885,99.9863,84.9366,66.34
2021-12-01,01-Dec-2021,74.9163,99.8554,84.9166,65.96
2021-12-02,02-Dec-2021,74.9989,99.656,84.9243,66.33
2021-12-03,03-Dec-2021,74.9852,99.6678,84.6888,66.21
2021-12-06,06-Dec-2021,75.2978,99.6044,84.964,66.6
2021-12-07,07-Dec-2021,75.3532,100.1193,85.0989,66.26
2021-12-08,08-Dec-2021,75.4733,99.9991,85.2114,66.48
2021-12-09,09-Dec-2021,75.4992,99.7702,85.5602,66.43
2021-12-10,10-Dec-2021,75.7189,100.1211,85.5518,66.68
2021-12-13,13-Dec-2021,75.706,100.1843,85.4564,66.67
2021-12-14,14-Dec-2021,75.8985,100.2908,85.6251,66.8
2021-12-15,15-Dec-2021,76.0433,100.6925,85.7094,66.87
2021-12-16,16-Dec-2021,76.2528,101.0202,86.0681,66.77
2021-12-17,17-Dec-2021,76.1733,101.5487,86.3927,67.07
2021-12-20,20-Dec-2021,75.9865,100.4699,85.5172,66.97
2021-12-21,21-Dec-2021,75.5925,99.902,85.2497,66.45
2021-12-22,22-Dec-2021,75.5947,100.1756,85.2109,66.23
2021-12-23,23-Dec-2021,75.3481,100.5993,85.4216,65.98
2021-12-24,24-Dec-2021,75.1462,100.6553,85.1331,65.69
2021-12-27,27-Dec-2021,75.1082,100.6325,84.9819,65.62
2021-12-28,28-Dec-2021,74.8528,100.5548,84.7803,65.16
2021-12-29,29-Dec-2021,74.7375,100.3336,84.4798,65.04
2021-12-30,30-Dec-2021,74.5823,100.5265,84.4321,64.77
2021-12-31,31-Dec-2021,74.3025,100.3014,84.045,64.54
2022-01-02,03-Jan-2022,82.8375,99.7576,88.3753,63.11
2022-01-03,03-Jan-2022,74.3115,100.3592,84.3049,64.43
2022-01-04,04-Jan-2022,74.5717,100.3939,84.2431,64.41
2022-01-05,05-Jan-2022,74.484,100.7739,84.1247,64.2
2022-01-06,06-Jan-2022,74.4398,100.6838,84.1467,64.25
2022-01-07,07-Jan-2022,74.2939,100.6123,83.966,64.08
2022-01-10,10-Jan-2022,74.163,100.7213,84.0232,64.04
2022-01-11,11-Jan-2022,73.9319,100.4813,83.8472,64.16
2022-01-12,12-Jan-2022,73.9968,100.9588,84.161,64.16
2022-01-13,13-Jan-2022,73.9348,101.3478,84.5952,64.5
2022-01-14,14-Jan-2022,74.1157,101.788,85.0749,65.17
2022-01-17,17-Jan-2022,74.3134,101.6107,84.8188,64.9
2022-01-18,18-Jan-2022,74.4115,101.471,84.7944,64.79
2022-01-19,19-Jan-2022,74.5955,101.514,84.5336,65.28
2022-01-20,20-Jan-2022,74.3618,101.3422,84.4091,64.97
2022-01-21,21-Jan-2022,74.5343,101.303,84.426,65.48
2022-01-24,24-Jan-2022,74.5788,100.9886,84.4093,65.52
2022-01-25,25-Jan-2022,74.7025,100.7035,84.484,65.6
2022-01-27,27-Jan-2022,75.1724,100.9315,84.3449,65.54
2022-01-28,28-Jan-2022,74.9513,100.5157,83.5977,64.95
2022-01-31,31-Jan-2022,74.9674,100.6332,83.7026,64.92
2022-02-01,01-Feb-2022,74.5295,100.2501,83.7662,64.81
2022-02-02,02-Feb-2022,74.8334,101.1947,84.3617,65.22
2022-02-03,03-Feb-2022,74.857,101.4627,84.5575,65.35
2022-02-04,04-Feb-2022,74.7231,101.5477,85.6098,64.99
2022-02-08,08-Feb-2022,74.69,100.9878,85.2786,64.66
2022-02-09,09-Feb-2022,74.818,101.4258,85.4531,64.76
2022-02-10,10-Feb-2022,74.9367,101.4103,85.5992,64.78
2022-02-11,11-Feb-2022,75.3542,101.8985,85.7405,64.91
2022-02-14,14-Feb-2022,75.5533,102.3067,85.7263,65.47
2022-02-15,15-Feb-2022,75.6611,102.376,85.6201,65.6
2022-02-16,16-Feb-2022,75.0815,101.7565,85.2776,64.92
2022-02-17,17-Feb-2022,75.0866,101.9516,85.2568,65.17
2022-02-18,18-Feb-2022,74.9223,101.9653,85.1627,65.04
2022-02-21,21-Feb-2022,74.4797,101.4463,84.6636,64.78
2022-02-22,22-Feb-2022,74.8804,101.7904,84.6298,65.26
2022-02-23,23-Feb-2022,74.6224,101.4531,84.5253,64.86
2022-02-24,24-Feb-2022,75.2578,101.6347,84.6414,65.69
2022-02-25,25-Feb-2022,75.2842,101.0299,84.3785,65.32
2022-02-28,28-Feb-2022,75.4882,100.9207,84.2614,65.34
2022-03-02,02-Mar-2022,75.72,100.6899,84.1007,65.76
2022-03-03,03-Mar-2022,75.7111,101.4948,84.0348,65.45
2022-03-04,04-Mar-2022,76.1246,101.5741,83.9538,65.91
2022-03-07,07-Mar-2022,76.9239,101.6636,83.7091,66.93
2022-03-08,08-Mar-2022,76.8816,100.78,83.4806,66.58
2022-03-09,09-Mar-2022,76.8567,100.8078,83.908,66.39
2022-03-10,10-Mar-2022,76.116,100.3189,84.1838,65.59
2022-03-11,11-Mar-2022,76.4359,100.0658,84.0851,65.51
2022-03-14,14-Mar-2022,76.6086,99.7582,83.6551,65.04
2022-03-15,15-Mar-2022,76.4879,99.7142,83.9801,64.64
2022-03-16,16-Mar-2022,76.3482,99.6324,83.7906,64.54
2022-03-17,17-Mar-2022,75.8935,99.8349,83.6549,63.88
2022-03-21,21-Mar-2022,76.1347,100.174,84.0796,63.84
2022-03-22,22-Mar-2022,76.3807,100.2792,83.8986,63.45
2022-03-23,23-Mar-2022,76.1872,101.1766,84.0883,62.91
2022-03-24,24-Mar-2022,76.3403,100.7142,83.8323,62.84
2022-03-25,25-Mar-2022,76.1781,100.68,84.0067,62.54
2022-03-28,28-Mar-2022,76.2569,100.2677,83.5821,61.93
2022-03-29,29-Mar-2022,75.9731,99.5602,83.6099,61.57
2022-03-30,30-Mar-2022,75.7678,99.4609,84.2391,62.24
2022-03-31,31-Mar-2022,75.8071,99.5524,84.6599,62.23
2022-04-04,04-Apr-2022,75.5565,99.1508,83.4239,61.57
2022-04-05,05-Apr-2022,75.3899,98.9462,82.6932,61.51
2022-04-06,06-Apr-2022,75.6016,98.7357,82.2802,61.0
2022-04-07,07-Apr-2022,75.8029,99.2214,82.8132,61.29
2022-04-08,08-Apr-2022,75.7811,98.8913,82.3149,61.08
2022-04-11,11-Apr-2022,75.9627,98.6983,82.6383,60.58
2022-04-12,12-Apr-2022,76.1127,99.0115,82.6909,60.57
2022-04-13,13-Apr-2022,76.2248,99.1466,82.584,60.52
2022-04-18,18-Apr-2022,76.3737,99.4829,82.4622,60.31
2022-04-19,19-Apr-2022,76.2797,99.1423,82.1675,59.48
2022-04-20,20-Apr-2022,76.4183,99.5766,82.6224,59.39
2022-04-21,21-Apr-2022,76.2091,99.5296,82.7824,59.48
2022-04-22,22-Apr-2022,76.3279,99.3041,82.7735,59.65
2022-04-25,25-Apr-2022,76.7366,97.8535,82.2673,59.8
2022-04-26,26-Apr-2022,76.5612,97.538,82.0103,59.88
2022-04-27,27-Apr-2022,76.6414,96.4767,81.4509,59.89
2022-04-28,28-Apr-2022,76.6167,96.0191,80.6003,58.88
2022-04-29,29-Apr-2022,76.4242,95.7086,80.5807,58.66
2022-05-02,02-May-2022,76.4346,95.9529,80.4189,58.65
2022-05-04,04-May-2022,76.4841,95.4318,80.4567,58.76
2022-05-05,05-May-2022,76.0887,95.5649,80.7398,58.83
2022-05-06,06-May-2022,76.747,94.7948,80.7118,58.75
2022-05-09,09-May-2022,77.3679,95.0052,81.3106,59.03
2022-05-10,10-May-2022,77.3537,95.5839,81.7464,59.32
2022-05-11,11-May-2022,77.2641,95.3413,81.4688,59.31
2022-05-12,12-May-2022,77.5868,94.6259,81.4537,59.93
2022-05-13,13-May-2022,77.3543,94.4584,80.3629,60.09
2022-05-17,17-May-2022,77.651,96.0444,81.2028,60.07
2022-05-18,18-May-2022,77.5716,96.6284,81.6576,60.06
2022-05-19,19-May-2022,77.6999,95.9376,81.4264,60.45
2022-05-20,20-May-2022,77.5829,96.8338,82.137,60.69
2022-05-23,23-May-2022,77.589,97.5268,82.2816,60.72
2022-05-24,24-May-2022,77.6352,97.6366,82.8419,60.8
2022-05-25,25-May-2022,77.5137,97.2709,82.9381,61.05
2022-05-26,26-May-2022,77.6262,97.5001,82.8277,60.99
2022-05-27,27-May-2022,77.6592,98.1069,83.4883,61.21
2022-05-30,30-May-2022,77.5115,98.003,83.4132,60.97
2022-05-31,31-May-2022,77.6641,97.8676,83.4107,60.73
2022-06-01,01-Jun-2022,77.5554,97.6164,83.082,60.01
2022-06-02,02-Jun-2022,77.5883,96.9445,82.7541,59.71
2022-06-03,03-Jun-2022,77.5994,97.5787,83.4535,59.74
2022-06-06,06-Jun-2022,77.6718,97.1115,83.2823,59.45
2022-06-07,07-Jun-2022,77.7239,96.7321,82.9661,58.48
2022-06-08,08-Jun-2022,77.7251,97.701,83.098,58.4
2022-06-09,09-Jun-2022,77.787,97.3582,83.342,58.12
2022-06-10,10-Jun-2022,77.84,97.2341,82.6879,58.14
2022-06-13,13-Jun-2022,78.143,95.8163,81.9439,58.04
2022-06-14,14-Jun-2022,78.0015,94.9866,81.368,57.92
2022-06-15,15-Jun-2022,78.0755,93.9456,81.8096,57.96
2022-06-16,16-Jun-2022,78.0864,94.7943,81.4275,58.14
2022-06-17,17-Jun-2022,78.0875,95.8909,82.1038,58.23
2022-06-20,20-Jun-2022,77.996,95.4406,82.1319,57.82
2022-06-21,21-Jun-2022,78.0861,95.6784,82.1289,57.8
2022-06-22,22-Jun-2022,78.2115,95.6657,82.0981,57.34
2022-06-23,23-Jun-2022,78.2662,95.8453,82.6872,57.63
2022-06-24,24-Jun-2022,78.3308,96.1286,82.5633,58.12
2022-06-27,27-Jun-2022,78.289,96.0784,82.6706,57.95
2022-06-28,28-Jun-2022,78.6966,96.5807,83.2694,58.08
2022-06-29,29-Jun-2022,78.9376,96.2476,82.8408,58.08
2022-06-30,30-Jun-2022,78.9421,95.9557,82.5803,57.96
2022-07-01,01-Jul-2022,79.094,95.9563,82.7392,58.62
2022-07-04,04-Jul-2022,78.9866,95.6238,82.3978,58.33
2022-07-05,05-Jul-2022,79.079,95.8,82.5147,58.08
2022-07-06,06-Jul-2022,79.332,94.6928,81.3766,58.61
2022-07-07,07-Jul-2022,79.0235,94.4004,80.6846,58.17
2022-07-08,08-Jul-2022,79.2499,95.1263,80.5834,58.4
2022-07-11,11-Jul-2022,79.4098,95.0445,80.4988,57.98
2022-07-12,12-Jul-2022,79.6401,94.4935,79.8259,57.99
2022-07-13,13-Jul-2022,79.6592,94.889,79.9497,58.12
2022-07-14,14-Jul-2022,79.871,94.6131,80.0078,57.61
2022-07-15,15-Jul-2022,79.8797,94.4034,80.0134,57.53
2022-07-18,18-Jul-2022,79.8958,95.0446,80.6607,57.8
2022-07-19,19-Jul-2022,79.9478,95.7364,81.1939,57.97
2022-07-20,20-Jul-2022,79.9738,96.0229,81.8415,57.88
2022-07-21,21-Jul-2022,79.9763,95.9332,81.6889,57.84
2022-07-22,22-Jul-2022,79.9101,95.5879,81.4572,57.96
2022-07-25,25-Jul-2022,79.8488,95.5769,81.4458,58.54
2022-07-26,26-Jul-2022,79.7948,96.2182,81.5636,58.37
2022-07-27,27-Jul-2022,79.8967,96.2633,80.979,58.36
2022-07-28,28-Jul-2022,79.7434,97.0642,81.5435,58.93
2022-07-29,29-Jul-2022,79.4203,96.8986,81.1675,59.73
2022-08-01,01-Aug-2022,79.169,96.4247,80.8991,59.72
2022-08-02,02-Aug-2022,78.6082,96.1667,80.5881,60.04
2022-08-03,03-Aug-2022,78.8427,95.9847,80.2198,59.17
2022-08-04,04-Aug-2022,79.5427,96.6009,80.87,59.29
2022-08-05,05-Aug-2022,79.1158,96.0677,80.9149,59.33
2022-08-08,08-Aug-2022,79.5785,96.1032,81.0279,58.8
2022-08-10,10-Aug-2022,79.5033,95.9695,81.1522,58.86
2022-08-11,11-Aug-2022,79.4881,97.0322,81.8452,59.78
2022-08-12,12-Aug-2022,79.7011,97.2837,82.2175,59.8
2022-08-17,17-Aug-2022,79.4335,96.1839,80.768,59.05
2022-08-18,18-Aug-2022,79.6667,95.744,80.9658,58.89
2022-08-19,19-Aug-2022,79.7528,94.9819,80.4179,58.51
2022-08-22,22-Aug-2022,79.8703,94.4259,80.1062,58.26
2022-08-23,23-Aug-2022,79.8903,93.828,79.2517,58.16
2022-08-24,24-Aug-2022,79.7927,94.2229,79.3352,58.36
2022-08-25,25-Aug-2022,79.8705,94.6135,79.9962,58.44
2022-08-26,26-Aug-2022,79.9097,94.3371,79.6236,58.37
2022-08-29,29-Aug-2022,80.0906,93.4801,79.6085,57.71
2022-08-30,30-Aug-2022,79.7194,93.3546,79.712,57.54
2022-09-01,01-Sep-2022,79.397,92.0121,79.5494,56.96
2022-09-02,02-Sep-2022,79.7888,92.072,79.5292,56.85
2022-09-05,05-Sep-2022,79.8936,91.5671,79.0483,56.9
2022-09-06,06-Sep-2022,79.8893,92.4569,79.549,56.59
2022-09-07,07-Sep-2022,79.922,91.7291,79.07,55.46
2022-09-08,08-Sep-2022,79.6712,91.7483,79.7551,55.49
2022-09-09,09-Sep-2022,79.6358,92.3467,80.1832,55.72
2022-09-12,12-Sep-2022,79.6776,92.5742,80.3671,55.56
2022-09-13,13-Sep-2022,79.064,92.6809,80.2268,55.62
2022-09-14,14-Sep-2022,79.5837,91.4024,79.3391,55.4
2022-09-15,15-Sep-2022,79.583,91.6186,79.2726,55.41
2022-09-16,16-Sep-2022,79.818,91.232,79.7164,55.6
2022-09-19,19-Sep-2022,79.6657,90.8258,79.5244,55.59
2022-09-20,20-Sep-2022,79.6778,91.1647,79.9498,55.58
2022-09-21,21-Sep-2022,79.9226,90.823,79.4079,55.61
2022-09-22,22-Sep-2022,80.7246,90.6387,79.2608,55.57
2022-09-23,23-Sep-2022,80.9165,90.9156,79.5064,56.91
2022-09-26,26-Sep-2022,81.575,86.6153,78.7095,56.71
2022-09-27,27-Sep-2022,81.372,87.93,78.5837,56.39
2022-09-28,28-Sep-2022,81.9005,87.4681,78.3444,56.6
2022-09-29,29-Sep-2022,81.8633,88.2115,79.0952,56.59
2022-09-30,30-Sep-2022,81.5522,90.7703,80.1093,56.44
2022-10-03,03-Oct-2022,81.7417,91.8106,80.2409,56.41
2022-10-04,04-Oct-2022,81.4267,92.4714,80.2677,56.22
2022-10-06,06-Oct-2022,81.7044,92.5221,80.9603,56.53
2022-10-07,07-Oct-2022,82.4,91.6942,80.546,56.82
2022-10-10,10-Oct-2022,82.4028,91.3254,80.1554,56.7
2022-10-11,11-Oct-2022,82.3901,90.8252,79.7855,56.51
2022-10-12,12-Oct-2022,82.2411,90.4126,79.9718,56.25
2022-10-13,13-Oct-2022,82.4013,91.2001,79.921,56.11
2022-10-14,14-Oct-2022,82.3877,93.3277,80.6845,55.89
2022-10-17,17-Oct-2022,82.4047,92.9976,80.2935,55.42
2022-10-18,18-Oct-2022,82.2279,93.3627,81.0153,55.23
2022-10-19,19-Oct-2022,82.3735,93.0974,81.0121,55.16
2022-10-20,20-Oct-2022,83.2042,93.3618,81.4192,55.49
2022-10-21,21-Oct-2022,82.8619,92.6606,80.9251,55.09
2022-10-25,25-Oct-2022,82.7626,93.4075,81.6988,55.58
2022-10-27,27-Oct-2022,82.3889,95.6228,82.9063,56.57
2022-10-28,28-Oct-2022,82.4092,95.1129,82.1405,56.25
2022-10-31,31-Oct-2022,82.3934,95.5351,81.9232,55.74
2022-11-01,01-Nov-2022,82.7126,95.4382,82.1435,55.93
2022-11-02,02-Nov-2022,82.765,95.2156,81.7856,56.16
2022-11-03,03-Nov-2022,82.8835,94.4369,81.3645,56.16
2022-11-04,04-Nov-2022,82.5287,92.5928,80.7191,55.78
2022-11-07,07-Nov-2022,82.2112,93.1327,81.7579,55.84
2022-11-09,09-Nov-2022,81.48,93.9817,81.9759,55.89
2022-11-10,10-Nov-2022,81.7421,93.1827,82.0069,55.91
2022-11-11,11-Nov-2022,80.6483,94.4929,82.4661,56.96
2022-11-14,14-Nov-2022,81.2332,95.5059,83.7455,58.27
2022-11-15,15-Nov-2022,81.428,95.8929,84.1309,58.02
2022-11-16,16-Nov-2022,81.3354,96.5836,84.4115,58.17
2022-11-17,17-Nov-2022,81.6335,97.1945,84.7726,58.53
2022-11-18,18-Nov-2022,81.6975,97.2271,84.7078,58.42
2022-11-21,21-Nov-2022,81.7732,96.7731,84.0819,58.18
2022-11-22,22-Nov-2022,81.7742,96.8828,83.8611,57.66
2022-11-23,23-Nov-2022,81.8165,97.2635,84.4924,57.88
2022-11-24,24-Nov-2022,81.7655,98.842,85.3125,58.86
2022-11-25,25-Nov-2022,81.5289,98.6576,84.8732,58.79
2022-11-28,28-Nov-2022,81.7545,98.688,84.7881,59.13
2022-11-29,29-Nov-2022,81.7121,98.0665,84.8248,58.96
2022-11-30,30-Nov-2022,81.597,97.7543,84.4507,58.95
2022-12-01,01-Dec-2022,81.1512,98.167,84.7467,59.49
2022-12-02,02-Dec-2022,81.1771,99.3099,85.4643,60.07
2022-12-05,05-Dec-2022,81.5855,100.584,86.2718,60.62
2022-12-06,06-Dec-2022,82.28,100.2,86.2558,59.94
2022-12-07,07-Dec-2022,82.5391,100.0088,86.282,59.93
2022-12-08,08-Dec-2022,82.2844,100.4045,86.5171,60.17
2022-12-09,09-Dec-2022,82.2092,100.8241,86.9313,60.41
2022-12-12,12-Dec-2022,82.6425,101.0272,86.8854,60.31
2022-12-13,13-Dec-2022,82.7154,101.6302,87.2835,60.13
2022-12-14,14-Dec-2022,82.517,102.0295,87.7695,60.91
2022-12-15,15-Dec-2022,82.4822,102.2306,87.9046,60.8
2022-12-16,16-Dec-2022,82.8184,101.1903,88.2629,60.35
2022-12-19,19-Dec-2022,82.6405,100.6473,87.767,60.76
2022-12-20,20-Dec-2022,82.7902,100.4466,87.746,62.3
2022-12-21,21-Dec-2022,82.7736,100.6693,87.8443,62.65
2022-12-22,22-Dec-2022,82.6679,100.247,88.0226,62.72
2022-12-23,23-Dec-2022,82.8685,99.7654,87.9025,62.46
2022-12-26,26-Dec-2022,82.7373,99.897,87.9415,62.39
2022-12-27,27-Dec-2022,82.7936,100.0958,88.2276,62.33
2022-12-28,28-Dec-2022,82.9183,99.7679,88.2986,61.9
2022-12-29,29-Dec-2022,82.8346,99.7213,88.004,62.0
2022-12-30,30-Dec-2022,82.7862,99.7436,88.1496,62.45
2023-01-04,04-Jan-2023,82.825,99.3829,87.6546,63.41
2023-01-05,05-Jan-2023,82.48,99.6238,87.7992,62.49
2023-01-06,06-Jan-2023,82.6475,98.4731,86.9235,61.63
2023-01-09,09-Jan-2023,82.39,100.0387,87.9528,62.47
2023-01-10,10-Jan-2023,81.765,100.0555,88.2829,62.35
2023-01-11,11-Jan-2023,81.68,99.439,87.8551,61.74
2023-01-12,12-Jan-2023,81.6,99.2425,87.9566,62.06
2023-01-13,13-Jan-2023,81.4175,99.2764,88.2628,63.1
2023-01-16,16-Jan-2023,81.3719,99.7272,88.346,63.76
2023-01-17,17-Jan-2023,81.7727,99.7649,88.5626,63.52
2023-01-18,18-Jan-2023,81.648,100.3361,88.0574,62.38
2023-01-19,19-Jan-2023,81.3577,100.4062,87.8848,63.63
2023-01-20,20-Jan-2023,81.2196,100.5352,87.9884,62.92
2023-01-23,23-Jan-2023,81.2757,100.8978,88.5401,62.49
2023-01-24,24-Jan-2023,81.602,101.0951,88.7841,62.71
2023-01-25,25-Jan-2023,81.6263,100.6523,89.0135,62.59
2023-01-27,27-Jan-2023,81.5445,100.9592,88.6584,62.77
2023-01-30,30-Jan-2023,81.6552,101.1915,88.7331,63.04
2023-01-31,31-Jan-2023,81.7387,100.8983,88.5982,62.77
2023-02-01,01-Feb-2023,81.8494,100.839,88.9938,62.84
2023-02-02,02-Feb-2023,81.9536,101.534,90.2555,63.68
2023-02-03,03-Feb-2023,82.2296,100.4813,89.5985,63.94
2023-02-06,06-Feb-2023,82.454,99.4901,89.0069,62.58
2023-02-07,07-Feb-2023,82.6959,99.6706,88.8204,62.57
2023-02-08,08-Feb-2023,82.6746,99.6152,88.7561,63.01
2023-02-09,09-Feb-2023,82.6103,99.8918,88.7014,62.91
2023-02-10,10-Feb-2023,82.5787,99.9615,88.5668,62.76
2023-02-13,13-Feb-2023,82.7046,99.7241,88.3109,62.57
2023-02-14,14-Feb-2023,82.7163,100.4303,88.8081,62.67
2023-02-15,15-Feb-2023,82.8621,100.5869,88.7276,62.18
2023-02-16,16-Feb-2023,82.6414,99.4936,88.4494,61.71
2023-02-17,17-Feb-2023,82.8085,98.854,88.058,61.45
2023-02-20,20-Feb-2023,82.6902,99.5739,88.4102,61.67
2023-02-21,21-Feb-2023,82.7562,99.5579,88.3202,61.58
2023-02-22,22-Feb-2023,82.8434,100.2803,88.2818,61.43
2023-02-23,23-Feb-2023,82.7628,99.8517,87.9178,61.4
2023-02-24,24-Feb-2023,82.7432,99.4937,87.7045,61.49
2023-02-27,27-Feb-2023,82.9145,99.0121,87.4085,60.84
2023-02-28,28-Feb-2023,82.6816,99.601,87.5471,60.68
2023-03-01,01-Mar-2023,82.5467,99.4732,87.4995,60.55
2023-03-02,02-Mar-2023,82.5555,98.9532,87.8302,60.4
2023-03-03,03-Mar-2023,82.2643,98.5208,87.3241,60.27
2023-03-06,06-Mar-2023,81.7448,98.3161,86.9688,60.18
2023-03-08,08-Mar-2023,82.089,97.0642,86.4769,59.61
2023-03-09,09-Mar-2023,81.9159,97.1086,86.4213,59.92
2023-03-10,10-Mar-2023,82.0147,97.7927,86.8366,59.98
2023-03-13,13-Mar-2023,81.9132,99.2215,87.8393,60.94
2023-03-14,14-Mar-2023,82.3619,100.1845,88.1047,61.64
2023-03-15,15-Mar-2023,82.4955,100.2485,88.5452,61.22
2023-03-16,16-Mar-2023,82.6841,99.8063,87.6672,62.22
2023-03-20,20-Mar-2023,82.503,100.4672,88.0109,62.73
2023-03-21,21-Mar-2023,82.6799,101.2812,88.5237,62.89
2023-03-23,23-Mar-2023,82.159,101.2725,89.6262,62.87
2023-03-24,24-Mar-2023,82.2378,100.9836,89.0624,63.13
2023-03-27,27-Mar-2023,82.3558,100.6761,88.5786,62.76
2023-03-28,28-Mar-2023,82.2068,101.2536,88.8968,62.85
2023-03-29,29-Mar-2023,82.3603,101.4306,89.1709,62.45
2023-03-31,31-Mar-2023,82.2169,101.8728,89.6076,61.8
2023-04-03,03-Apr-2023,82.3867,101.2412,89.0496,61.62
2023-04-05,05-Apr-2023,82.1892,102.6061,90.0109,62.49
2023-04-06,06-Apr-2023,81.9753,102.0806,89.3411,62.42
2023-04-10,10-Apr-2023,81.9105,101.6411,89.2966,61.8
2023-04-11,11-Apr-2023,82.0881,101.9003,89.4016,61.56
2023-04-12,12-Apr-2023,82.0712,102.0134,89.6398,61.35
2023-04-13,13-Apr-2023,81.9755,102.3705,90.0561,61.49
2023-04-17,17-Apr-2023,81.9456,101.7469,90.0402,61.16
2023-04-18,18-Apr-2023,82.0734,101.7705,89.7702,61.07
2023-04-19,19-Apr-2023,82.1202,101.9604,89.9391,60.98
2023-04-20,20-Apr-2023,82.1635,102.2421,90.1191,61.06
2023-04-21,21-Apr-2023,82.1542,102.1034,90.0618,61.39
2023-04-24,24-Apr-2023,82.0495,101.9367,90.1133,61.12
2023-04-25,25-Apr-2023,81.8994,102.2776,90.5223,61.05
2023-04-26,26-Apr-2023,81.9155,101.8679,90.1125,61.25
2023-04-27,27-Apr-2023,81.6526,101.8349,90.2621,61.03
2023-04-28,28-Apr-2023,81.7829,102.0274,90.0871,60.36
2023-05-02,02-May-2023,81.7625,102.1955,89.8494,59.42
2023-05-03,03-May-2023,81.8552,102.229,90.211,60.17
2023-05-04,04-May-2023,81.7353,102.7827,90.5355,60.9
2023-05-08,08-May-2023,81.7606,103.4746,90.298,60.7
2023-05-09,09-May-2023,82.0231,103.6083,90.1762,60.86
2023-05-10,10-May-2023,82.024,103.5613,90.0088,60.59
2023-05-11,11-May-2023,82.0431,103.4996,89.9449,61.12
2023-05-12,12-May-2023,82.1606,102.9407,89.8163,60.98
2023-05-15,15-May-2023,82.2841,102.605,89.4055,60.46
2023-05-16,16-May-2023,82.2735,102.6291,89.4022,60.51
2023-05-17,17-May-2023,82.3695,102.6533,89.4626,60.23
2023-05-18,18-May-2023,82.4783,102.7757,89.3191,59.98
2023-05-19,19-May-2023,82.6989,102.6266,89.1373,59.83
2023-05-22,22-May-2023,82.7982,103.0363,89.5926,60.05
2023-05-23,23-May-2023,82.7961,102.9073,89.4844,59.78
2023-05-24,24-May-2023,82.7207,102.9873,89.2347,59.74
2023-05-25,25-May-2023,82.7477,102.2342,88.8385,59.3
2023-05-26,26-May-2023,82.7182,102.034,88.7892,59.2
2023-05-29,29-May-2023,82.5497,102.0386,88.6551,58.83
2023-05-30,30-May-2023,82.7332,102.0724,88.4583,58.81
2023-05-31,31-May-2023,82.6773,102.3787,88.3572,59.3
2023-06-01,01-Jun-2023,82.4562,102.5557,88.0687,59.02
2023-06-02,02-Jun-2023,82.3175,103.2174,88.6642,59.27
2023-06-05,05-Jun-2023,82.5768,102.5323,88.306,58.87
2023-06-06,06-Jun-2023,82.6396,102.8279,88.6646,59.28
2023-06-07,07-Jun-2023,82.5339,102.402,88.1049,59.24
2023-06-08,08-Jun-2023,82.5795,102.8049,88.4674,59.04
2023-06-09,09-Jun-2023,82.4251,103.5452,88.8455,59.13
2023-06-12,12-Jun-2023,82.4553,103.6974,88.64,59.11
2023-06-13,13-Jun-2023,82.3907,103.4574,88.9347,59.05
2023-06-14,14-Jun-2023,82.3141,103.8025,88.7812,58.74
2023-06-15,15-Jun-2023,82.1982,103.9555,88.8837,58.16
2023-06-16,16-Jun-2023,81.8834,104.9008,89.7256,58.18
2023-06-19,19-Jun-2023,81.9658,105.0414,89.6017,57.85
2023-06-20,20-Jun-2023,82.1157,104.9756,89.7514,57.82
2023-06-21,21-Jun-2023,82.0951,104.8305,89.5887,57.83
2023-06-22,22-Jun-2023,81.9188,104.4514,89.9654,57.74
2023-06-23,23-Jun-2023,82.051,104.3218,89.6615,57.27
2023-06-26,26-Jun-2023,81.9729,104.3275,89.3843,57.15
2023-06-27,27-Jun-2023,81.962,104.4098,89.5347,57.07
2023-06-28,28-Jun-2023,82.0124,104.3619,89.7456,56.97
2023-06-30,30-Jun-2023,82.0428,103.5074,89.1258,56.77
2023-07-03,03-Jul-2023,81.863,103.7826,89.1483,56.56
2023-07-04,04-Jul-2023,81.9689,104.0235,89.3537,56.7
2023-07-05,05-Jul-2023,82.1616,104.3682,89.3787,56.78
2023-07-06,06-Jul-2023,82.4572,104.8416,89.593,57.34
2023-07-07,07-Jul-2023,82.6773,105.3816,90.0747,57.6
2023-07-10,10-Jul-2023,82.6335,105.7885,90.4798,57.94
2023-07-11,11-Jul-2023,82.3533,106.2758,90.7506,58.5
2023-07-12,12-Jul-2023,82.2817,106.6662,90.7693,59.03
2023-07-13,13-Jul-2023,82.1201,106.8295,91.5064,59.25
2023-07-14,14-Jul-2023,82.1021,107.638,92.0994,59.51
2023-07-17,17-Jul-2023,82.146,107.4431,92.2905,59.33
2023-07-18,18-Jul-2023,82.0486,107.3606,92.2823,59.24
2023-07-19,19-Jul-2023,82.1029,106.3479,92.1315,58.9
2023-07-20,20-Jul-2023,82.0446,106.0388,91.9928,58.79
2023-07-21,21-Jul-2023,82.0217,105.7555,91.4017,58.51
2023-07-24,24-Jul-2023,81.9246,105.4462,91.1559,57.87
2023-07-25,25-Jul-2023,81.8088,105.103,90.6572,57.84
2023-07-26,26-Jul-2023,81.988,105.741,90.717,58.29
2023-07-27,27-Jul-2023,81.9923,106.2112,90.9584,58.51
2023-07-28,28-Jul-2023,82.2465,105.2761,90.316,58.95
2023-08-17,17-Aug-2023,83.1263,105.8807,90.4758,56.81
2023-08-18,18-Aug-2023,83.0905,105.7465,90.4351,57.21
2023-08-21,21-Aug-2023,83.1146,105.8221,90.422,57.15
2023-08-22,22-Aug-2023,83.067,106.2477,90.6926,56.93
2023-08-23,23-Aug-2023,82.9218,105.7281,90.0581,56.93
2023-08-24,24-Aug-2023,82.5517,105.0245,89.7364,56.9
2023-08-25,25-Aug-2023,82.6523,103.9303,89.1681,56.58
2023-08-28,28-Aug-2023,82.6126,104.1514,89.3615,56.45
2023-08-29,29-Aug-2023,82.6498,104.3029,89.3836,56.46
2023-08-30,30-Aug-2023,82.7698,104.5763,90.0061,56.6
2023-08-31,31-Aug-2023,82.6784,105.0931,90.2242,56.63
2023-09-01,01-Sep-2023,82.6648,104.6448,89.6169,56.79
2023-09-04,04-Sep-2023,82.7373,104.3577,89.2559,56.6
2023-09-05,05-Sep-2023,82.944,104.4049,89.3169,56.44
2023-09-06,06-Sep-2023,83.0902,104.4394,89.1785,56.45
2023-09-07,07-Sep-2023,83.1829,103.9614,89.1821,56.4
2023-09-08,08-Sep-2023,83.1589,103.9326,89.1486,56.5
2023-09-11,11-Sep-2023,82.8809,103.7464,88.9511,56.73
2023-09-12,12-Sep-2023,82.976,103.7891,89.0576,56.49
2023-09-13,13-Sep-2023,82.9527,103.2982,89.1122,56.33
2023-09-14,14-Sep-2023,82.976,103.6835,89.1516,56.39
2023-09-15,15-Sep-2023,83.0557,103.2299,88.5662,56.28
2023-09-18,18-Sep-2023,83.2102,103.1562,88.7559,56.37
2023-09-20,20-Sep-2023,83.2553,102.8408,88.9966,56.28
2023-09-21,21-Sep-2023,83.1511,102.4372,88.511,56.05
2023-09-22,22-Sep-2023,82.9477,101.8692,88.347,55.99
2023-09-25,25-Sep-2023,83.0968,101.6977,88.4543,56.01
2023-09-26,26-Sep-2023,83.2328,101.3909,88.0581,55.81
2023-09-27,27-Sep-2023,83.2188,101.1075,87.9201,55.81
2023-09-28,28-Sep-2023,83.1591,100.9163,87.3442,55.66
2023-09-29,29-Sep-2023,83.058,101.6713,87.9379,55.81
2023-10-03,03-Oct-2023,83.1812,100.3919,87.068,55.5
2023-10-04,04-Oct-2023,83.2588,100.4129,87.0782,55.78
2023-10-05,05-Oct-2023,83.2413,101.066,87.4716,55.95
2023-10-06,06-Oct-2023,83.2388,101.2905,87.6815,55.88
2023-10-09,09-Oct-2023,83.2542,101.5918,87.796,55.81
2023-10-10,10-Oct-2023,83.2556,101.7506,87.8957,55.95
2023-10-11,11-Oct-2023,83.2368,102.2764,88.2538,55.89
2023-10-12,12-Oct-2023,83.1834,102.5568,88.485,55.83
2023-10-13,13-Oct-2023,83.2574,101.518,87.7616,55.6
2023-10-16,16-Oct-2023,83.2632,101.3241,87.7061,55.69
2023-10-17,17-Oct-2023,83.2555,101.3503,87.7169,55.64
2023-10-18,18-Oct-2023,83.2571,101.6308,88.1715,55.64
2023-10-19,19-Oct-2023,83.2746,101.0498,87.7592,55.6
2023-10-20,20-Oct-2023,83.1982,100.656,87.9166,55.49
2023-10-23,23-Oct-2023,83.1663,101.0798,87.9617,55.47
2023-10-25,25-Oct-2023,83.1518,101.1475,88.121,55.49
2023-10-26,26-Oct-2023,83.2439,100.5165,87.7041,55.22
2023-10-27,27-Oct-2023,83.2518,100.9112,87.8984,55.42
2023-10-30,30-Oct-2023,83.2676,100.9287,87.9506,55.66
2023-10-31,31-Oct-2023,83.2692,101.1643,88.3236,55.42
2023-11-01,01-Nov-2023,83.2843,101.1166,88.0393,55.06
2023-11-02,02-Nov-2023,83.263,101.4038,88.2388,55.36
2023-11-03,03-Nov-2023,83.2669,101.6273,88.5283,55.4
2023-11-06,06-Nov-2023,83.2213,103.0513,89.358,55.65
2023-11-07,07-Nov-2023,83.265,102.6408,89.1391,55.37
2023-11-08,08-Nov-2023,83.2691,102.2211,88.9797,55.26
2023-11-09,09-Nov-2023,83.2808,102.3099,89.1749,55.16
2023-11-10,10-Nov-2023,83.353,101.9363,88.9138,55.06
2023-11-13,13-Nov-2023,83.3248,101.9535,89.0648,54.9
2023-11-15,15-Nov-2023,83.1272,103.8298,90.4008,55.18
2023-11-16,16-Nov-2023,83.2388,103.1878,90.2225,55.0
2023-11-17,17-Nov-2023,83.2646,103.3752,90.3648,55.28
2023-11-20,20-Nov-2023,83.3309,103.9836,90.9829,55.87
2023-11-21,21-Nov-2023,83.3466,104.4016,91.3062,56.4
2023-11-22,22-Nov-2023,83.3375,104.3241,90.8451,55.95
2023-11-23,23-Nov-2023,83.3571,104.2992,90.9532,55.94
2023-11-24,24-Nov-2023,83.3675,104.5506,90.93,55.85
2023-11-28,28-Nov-2023,83.3926,105.2959,91.3149,56.24
2023-11-29,29-Nov-2023,83.3191,105.9213,91.6443,56.59
2023-11-30,30-Nov-2023,83.35,105.8684,91.4816,56.68
2023-12-01,01-Dec-2023,83.3602,105.369,90.9404,56.27
2023-12-04,04-Dec-2023,83.3357,105.7047,90.6276,56.81
2023-12-05,05-Dec-2023,83.3931,105.3616,90.3881,56.78
2023-12-06,06-Dec-2023,83.3544,105.0654,89.9505,56.63
2023-12-07,07-Dec-2023,83.365,104.6748,89.7352,56.99
2023-12-08,08-Dec-2023,83.3681,104.916,89.8992,57.88
2023-12-11,11-Dec-2023,83.3872,104.5965,89.7969,57.3
2023-12-12,12-Dec-2023,83.38,104.8687,89.803,57.34
2023-12-13,13-Dec-2023,83.395,104.6579,89.9276,57.2
2023-12-14,14-Dec-2023,83.35,105.3522,90.8593,58.82
2023-12-15,15-Dec-2023,83.1802,106.1202,91.3696,58.6
2023-12-18,18-Dec-2023,83.0173,105.3512,90.6311,58.36
2023-12-19,19-Dec-2023,83.179,105.2636,90.8664,57.95
2023-12-20,20-Dec-2023,83.1523,105.7514,91.146,57.86
2023-12-21,21-Dec-2023,83.2729,105.2281,91.1572,58.21
2023-12-22,22-Dec-2023,83.2493,105.6223,91.5559,58.49
2023-12-26,26-Dec-2023,83.1703,105.669,91.6836,58.45
2023-12-27,27-Dec-2023,83.3226,106.0891,92.0154,58.41
2023-12-28,28-Dec-2023,83.2254,106.609,92.4523,58.94
2023-12-29,29-Dec-2023,83.1164,106.1053,92.0049,58.82
2024-01-01,01-Jan-2024,83.1975,105.9476,91.8401,58.99
2024-01-02,02-Jan-2024,83.3282,106.1012,91.9232,58.9
2024-01-03,03-Jan-2024,83.3242,105.2774,91.2811,58.65
2024-01-04,04-Jan-2024,83.3002,105.5552,90.9944,57.99
2024-01-05,05-Jan-2024,83.176,105.3574,90.8803,57.26
2024-01-08,08-Jan-2024,83.0687,105.5842,90.8932,57.59
2024-01-09,09-Jan-2024,83.1289,105.919,91.0544,57.75
2024-01-10,10-Jan-2024,83.1548,105.5767,90.8965,57.4
2024-01-11,11-Jan-2024,82.9415,105.9285,91.1135,57.02
2024-01-12,12-Jan-2024,82.9881,106.0051,91.0922,57.18
2024-01-15,15-Jan-2024,82.853,105.6641,90.84,57.03
2024-01-16,16-Jan-2024,82.9774,105.2369,90.6108,56.79
2024-01-17,17-Jan-2024,83.131,104.7379,90.2531,56.23
2024-01-18,18-Jan-2024,83.1243,105.539,90.6376,56.23
2024-01-19,19-Jan-2024,83.1338,105.5622,90.4457,55.9
2024-01-23,23-Jan-2024,83.1029,105.8399,90.6027,56.11
2024-01-24,24-Jan-2024,83.1457,105.615,90.33,56.21
2024-01-25,25-Jan-2024,83.1155,105.6542,90.4175,56.23
2024-01-29,29-Jan-2024,83.1494,105.6624,90.1655,56.2
2024-01-30,30-Jan-2024,83.119,105.6138,89.9625,56.42
2024-01-31,31-Jan-2024,83.0805,105.3084,89.8826,56.2
2024-02-01,01-Feb-2024,82.9553,105.0977,89.6105,56.47
2024-02-02,02-Feb-2024,82.8406,105.6334,90.1322,56.58
2024-02-05,05-Feb-2024,83.0284,104.7315,89.5245,55.98
2024-02-06,06-Feb-2024,83.0629,104.2545,89.3009,55.96
2024-02-07,07-Feb-2024,82.9765,104.5769,89.2943,56.05
2024-02-08,08-Feb-2024,82.9762,104.7862,89.4694,55.81
2024-02-09,09-Feb-2024,82.9995,104.7144,89.4037,55.55
2024-02-12,12-Feb-2024,82.9954,104.8298,89.572,55.63
2024-02-13,13-Feb-2024,83.019,104.7473,89.3893,55.53
2024-02-14,14-Feb-2024,83.0864,104.7659,89.0553,55.22
2024-02-15,15-Feb-2024,83.0119,104.3249,89.064,55.27
2024-02-16,16-Feb-2024,83.0375,104.48,89.35,55.26
2024-02-20,20-Feb-2024,82.9704,104.4216,89.358,55.17
2024-02-21,21-Feb-2024,82.8851,104.6784,89.6115,55.25
2024-02-22,22-Feb-2024,82.924,104.8828,89.8692,55.2
2024-02-23,23-Feb-2024,82.8865,104.9531,89.7114,55.03
2024-02-26,26-Feb-2024,82.8856,104.9951,89.7192,55.1
2024-02-27,27-Feb-2024,82.8915,105.102,89.9395,55.07
2024-02-28,28-Feb-2024,82.9155,104.9826,89.7842,55.05
2024-02-29,29-Feb-2024,82.9246,105.0317,89.8621,55.36
2024-03-01,01-Mar-2024,82.8702,104.6474,89.5766,55.11
2024-03-04,04-Mar-2024,82.8954,104.9815,89.9028,55.13
2024-03-05,05-Mar-2024,82.9271,105.1355,89.9687,55.09
2024-03-06,06-Mar-2024,82.9078,105.3349,90.0113,55.31
2024-03-07,07-Mar-2024,82.7785,105.4085,90.233,55.7
2024-03-11,11-Mar-2024,82.677,106.2383,90.4442,56.25
2024-03-12,12-Mar-2024,82.745,106.0581,90.5054,56.14
2024-03-13,13-Mar-2024,82.9027,106.0618,90.5933,56.19
2024-03-14,14-Mar-2024,82.8709,106.0228,90.6624,56.03
2024-03-15,15-Mar-2024,82.8919,105.5877,90.1676,55.9
2024-03-18,18-Mar-2024,82.9078,105.5847,90.2755,55.59
2024-03-19,19-Mar-2024,82.9401,105.4135,90.1321,55.17
2024-03-20,20-Mar-2024,83.1022,105.6988,90.3077,54.83
2024-03-21,21-Mar-2024,83.1308,106.3614,90.9118,55.06
2024-03-22,22-Mar-2024,83.3546,105.2485,90.2625,55.05
2024-03-26,26-Mar-2024,83.3559,105.4535,90.4334,55.08
2024-03-27,27-Mar-2024,83.3255,105.1329,90.2243,54.92
2024-03-28,28-Mar-2024,83.3739,105.2935,90.2178,55.09
2024-04-02,02-Apr-2024,83.3585,104.5805,89.447,54.94
2024-04-03,03-Apr-2024,83.4204,104.8733,89.8499,55.01
2024-04-04,04-Apr-2024,83.4475,105.6011,90.4927,55.02
2024-04-05,05-Apr-2024,83.4073,105.2367,90.3068,55.15
2024-04-08,08-Apr-2024,83.3176,105.2324,90.2535,54.88
2024-04-10,10-Apr-2024,83.2253,105.5186,90.2945,54.83
2024-04-12,12-Apr-2024,83.3931,104.4243,89.1261,54.42
2024-04-15,15-Apr-2024,83.4422,104.0697,88.9071,54.25
2024-04-16,16-Apr-2024,83.4982,103.6719,88.5593,54.04
2024-04-18,18-Apr-2024,83.517,104.2476,89.2736,54.18
2024-04-19,19-Apr-2024,83.5214,103.7959,88.8874,54.09
2024-04-22,22-Apr-2024,83.4113,103.2977,88.9698,53.9
2024-04-23,23-Apr-2024,83.3765,102.8772,88.7387,53.87
2024-04-24,24-Apr-2024,83.2987,103.688,89.1124,53.77
2024-04-25,25-Apr-2024,83.3758,104.182,89.4072,53.57
2024-04-26,26-Apr-2024,83.3395,104.256,89.4288,53.43
2024-04-29,29-Apr-2024,83.4392,104.556,89.4607,53.13
2024-04-30,30-Apr-2024,83.5187,104.6411,89.3405,53.25
2024-05-02,02-May-2024,83.4526,104.585,89.4818,53.73
2024-05-03,03-May-2024,83.3795,104.6174,89.5007,54.45
2024-05-06,06-May-2024,83.4725,104.7836,89.8309,54.28
2024-05-07,07-May-2024,83.5015,104.7198,89.8287,54.06
2024-05-08,08-May-2024,83.5147,104.3177,89.7549,53.81
2024-05-09,09-May-2024,83.4976,104.2089,89.6675,53.6
2024-05-10,10-May-2024,83.4946,104.6928,90.0133,53.66
2024-05-13,13-May-2024,83.5234,104.6431,89.9792,53.6
2024-05-14,14-May-2024,83.5201,104.8767,90.0825,53.37
2024-05-15,15-May-2024,83.5092,105.1587,90.3926,53.41
2024-05-16,16-May-2024,83.5011,105.861,90.8342,54.15
2024-05-17,17-May-2024,83.4815,105.7226,90.6832,53.63
2024-05-21,21-May-2024,83.3614,106.0007,90.5505,53.35
2024-05-22,22-May-2024,83.2301,106.1062,90.3879,53.21
2024-05-24,24-May-2024,83.1219,105.5039,89.893,52.92
2024-05-27,27-May-2024,83.0838,105.8277,90.1132,52.98
2024-05-28,28-May-2024,83.1644,106.2253,90.4468,53.02
2024-05-29,29-May-2024,83.327,106.3203,90.4226,53.04
2024-05-30,30-May-2024,83.4231,105.8673,90.0508,53.18
2024-05-31,31-May-2024,83.2988,105.9283,90.121,53.08
2024-06-03,03-Jun-2024,83.0659,105.7977,90.1542,52.81
2024-06-04,04-Jun-2024,83.5021,106.8621,91.0195,53.52
2024-06-05,05-Jun-2024,83.3898,106.456,90.6747,53.53
2024-06-06,06-Jun-2024,83.4649,106.7794,90.807,53.47
2024-06-07,07-Jun-2024,83.4257,106.6631,90.8439,53.72
2024-06-10,10-Jun-2024,83.4919,106.1366,89.7788,53.14
2024-06-11,11-Jun-2024,83.5054,106.2645,89.9325,53.09
2024-06-12,12-Jun-2024,83.5645,106.513,89.7901,53.15
2024-06-13,13-Jun-2024,83.5469,106.7724,90.2741,53.17
2024-06-14,14-Jun-2024,83.5458,106.3694,89.5505,52.89
2024-06-18,18-Jun-2024,83.4817,105.9644,89.5358,52.88
2024-06-19,19-Jun-2024,83.4251,106.1573,89.5496,52.87
2024-06-20,20-Jun-2024,83.5265,106.121,89.6423,52.81
2024-06-21,21-Jun-2024,83.586,105.8087,89.5362,52.58
2024-06-24,24-Jun-2024,83.5138,105.6522,89.401,52.28
2024-06-25,25-Jun-2024,83.4275,105.8673,89.57,52.33
2024-06-26,26-Jun-2024,83.5409,105.961,89.406,52.27
2024-06-27,27-Jun-2024,83.4896,105.5103,89.2882,52.05
2024-06-28,28-Jun-2024,83.4534,105.464,89.249,51.86
2024-07-01,01-Jul-2024,83.4043,105.8034,89.8464,51.81
2024-07-02,02-Jul-2024,83.515,105.5457,89.6411,51.65
2024-07-03,03-Jul-2024,83.5337,105.9625,89.7219,51.62
2024-07-04,04-Jul-2024,83.5016,106.4545,90.1094,51.73
2024-07-05,05-Jul-2024,83.5,106.6501,90.3709,51.97
2024-07-08,08-Jul-2024,83.4755,106.8998,90.3005,51.97
2024-07-09,09-Jul-2024,83.4843,106.9222,90.3929,51.9
2024-07-10,10-Jul-2024,83.4923,106.8011,90.3264,51.72
2024-07-11,11-Jul-2024,83.5342,107.4422,90.5277,51.65
2024-07-12,12-Jul-2024,83.5385,107.827,90.7685,52.49
2024-07-15,15-Jul-2024,83.5658,108.3603,90.9931,52.85
2024-07-16,16-Jul-2024,83.5781,108.2777,90.9764,52.71
2024-07-18,18-Jul-2024,83.6393,108.7428,91.4384,53.53
2024-07-19,19-Jul-2024,83.6405,108.1667,91.0655,53.01
2024-07-22,22-Jul-2024,83.6654,108.0327,91.0581,53.41
2024-07-23,23-Jul-2024,83.6625,108.0741,91.0516,53.45
2024-07-24,24-Jul-2024,83.7028,107.8477,90.7746,54.14
2024-07-25,25-Jul-2024,83.7075,107.842,90.7038,54.82
2024-07-26,26-Jul-2024,83.7272,107.6776,90.8596,54.48
2024-07-29,29-Jul-2024,83.7371,107.7423,90.9162,54.59
2024-07-30,30-Jul-2024,83.7328,107.5911,90.6056,54.06
2024-07-31,31-Jul-2024,83.744,107.5463,90.6222,54.78
2024-08-01,01-Aug-2024,83.7251,107.4601,90.6107,55.87
2024-08-02,02-Aug-2024,83.7375,106.6486,90.4666,56.15
2024-08-05,05-Aug-2024,83.839,106.7114,91.4387,58.82
2024-08-06,06-Aug-2024,83.9078,107.0977,91.8304,57.52
2024-08-07,07-Aug-2024,83.9519,106.6592,91.6212,57.24
2024-08-08,08-Aug-2024,83.9584,106.6719,91.832,57.4
2024-08-09,09-Aug-2024,83.9,107.1218,91.6697,57.02
2024-08-12,12-Aug-2024,83.9691,107.2655,91.6915,57.02
2024-08-13,13-Aug-2024,83.9696,107.5309,91.8224,56.8
2024-08-14,14-Aug-2024,83.9366,107.6879,92.2726,57.04
2024-08-16,16-Aug-2024,83.9561,108.1478,92.2185,56.37
2024-08-19,19-Aug-2024,83.9201,108.7985,92.6909,57.7
2024-08-20,20-Aug-2024,83.7804,108.8821,92.8225,56.97
2024-08-21,21-Aug-2024,83.9183,109.2566,93.2892,57.51
2024-08-22,22-Aug-2024,83.9569,109.9298,93.5884,57.79
2024-08-23,23-Aug-2024,83.8746,110.0698,93.3362,57.68
2024-08-26,26-Aug-2024,83.8504,110.6669,93.7693,58.25
2024-08-27,27-Aug-2024,83.9424,110.8163,93.7513,58.0
2024-08-28,28-Aug-2024,83.9671,111.0504,93.592,58.11
2024-08-29,29-Aug-2024,83.8899,110.9114,93.3896,58.03
2024-08-30,30-Aug-2024,83.8709,110.4966,92.9083,57.86
2024-09-02,02-Sep-2024,83.8759,110.1906,92.7679,57.35
2024-09-03,03-Sep-2024,83.9525,110.0869,92.8067,57.44
2024-09-04,04-Sep-2024,83.9682,110.0739,92.7921,57.82
2024-09-05,05-Sep-2024,83.9825,110.4157,93.0974,58.66
2024-09-06,06-Sep-2024,83.9308,110.6275,93.3092,58.95
2024-09-09,09-Sep-2024,83.9425,110.085,92.9036,58.74
2024-09-10,10-Sep-2024,83.975,109.8964,92.7095,58.6
2024-09-11,11-Sep-2024,83.9508,109.8474,92.7058,59.38
2024-09-12,12-Sep-2024,83.9843,109.6141,92.549,58.88
2024-09-13,13-Sep-2024,83.918,110.2235,92.9537,59.49
2024-09-16,16-Sep-2024,83.8939,110.4061,93.1502,59.88
2024-09-17,17-Sep-2024,83.8302,110.7576,93.2991,59.63
2024-09-19,19-Sep-2024,83.6172,110.7766,93.144,58.72
2024-09-20,20-Sep-2024,83.4922,111.2344,93.2853,58.83
2024-09-23,23-Sep-2024,83.5128,111.2056,93.2064,57.94
2024-09-24,24-Sep-2024,83.6319,111.5348,92.8855,57.96
2024-09-25,25-Sep-2024,83.5471,111.981,93.487,58.24
2024-09-26,26-Sep-2024,83.7009,111.6983,93.3215,57.84
2024-09-27,27-Sep-2024,83.6688,112.0498,93.4608,58.23
2024-09-30,30-Sep-2024,83.7888,112.1597,93.534,59.11
2024-10-01,01-Oct-2024,83.8149,112.0588,93.3145,58.04
2024-10-03,03-Oct-2024,83.9492,110.5969,92.6077,57.24
2024-10-04,04-Oct-2024,83.966,110.291,92.6218,57.48
2024-10-07,07-Oct-2024,83.9719,110.1532,92.0987,56.56
2024-10-08,08-Oct-2024,83.9399,109.865,92.2057,56.74
2024-10-09,09-Oct-2024,83.962,109.8576,92.0627,56.55
2024-10-10,10-Oct-2024,83.9685,109.7905,91.8666,56.29
2024-10-11,11-Oct-2024,84.0586,109.6914,91.9343,56.48
2024-10-14,14-Oct-2024,84.0725,109.8771,91.8812,56.34
2024-10-15,15-Oct-2024,84.0736,109.7256,91.592,56.28
2024-10-16,16-Oct-2024,84.0696,109.2843,91.4621,56.33
2024-10-17,17-Oct-2024,84.0304,109.1146,91.2072,56.17
2024-10-18,18-Oct-2024,84.071,109.8018,91.1716,56.06
2024-10-21,21-Oct-2024,84.0744,109.6112,91.2695,56.25
2024-10-22,22-Oct-2024,84.0718,109.3797,91.0038,55.78
2024-10-23,23-Oct-2024,84.075,109.2017,90.8118,55.24
2024-10-24,24-Oct-2024,84.0738,108.7282,90.7011,55.24
2024-10-25,25-Oct-2024,84.0771,108.9835,90.9557,55.34
2024-10-28,28-Oct-2024,84.0775,108.9235,90.746,54.83
2024-10-29,29-Oct-2024,84.0783,109.0042,90.8791,54.95
2024-10-30,30-Oct-2024,84.0847,109.3779,90.9903,54.83
2024-10-31,31-Oct-2024,84.0886,108.9508,91.2505,55.03
2024-11-04,04-Nov-2024,84.1055,109.2828,91.6565,55.36
2024-11-05,05-Nov-2024,84.1225,109.0295,91.5139,55.22
2024-11-06,06-Nov-2024,84.2366,108.2822,90.2472,54.61
2024-11-07,07-Nov-2024,84.3562,109.0939,90.6565,54.76
2024-11-08,08-Nov-2024,84.3751,109.3974,90.9243,55.19
2024-11-11,11-Nov-2024,84.3848,108.9813,90.4256,54.98
2024-11-12,12-Nov-2024,84.4011,108.2613,89.7707,54.91
2024-11-13,13-Nov-2024,84.4063,107.5342,89.5658,54.44
2024-11-14,14-Nov-2024,84.405,107.1291,89.063,54.15
2024-11-18,18-Nov-2024,84.3875,106.6242,88.9686,54.65
2024-11-19,19-Nov-2024,84.4036,106.9996,89.4217,54.64
2024-11-21,21-Nov-2024,84.4561,106.8415,89.077,54.55
2024-11-22,22-Nov-2024,84.4975,106.2139,88.4458,54.57
2024-11-25,25-Nov-2024,84.2776,106.1948,88.3656,54.61
2024-11-26,26-Nov-2024,84.2835,105.7882,88.3184,54.79
2024-11-27,27-Nov-2024,84.4708,106.2327,88.5338,55.49
2024-11-28,28-Nov-2024,84.4917,106.9693,89.1168,55.74
2024-11-29,29-Nov-2024,84.4971,107.4612,89.3568,56.31
2024-12-02,02-Dec-2024,84.6812,107.4548,89.1275,56.24
2024-12-03,03-Dec-2024,84.745,107.2047,88.9054,56.47
2024-12-04,04-Dec-2024,84.6885,107.5143,89.1098,56.47
2024-12-05,05-Dec-2024,84.7335,107.7567,89.2001,56.58
2024-12-06,06-Dec-2024,84.6578,107.9127,89.5324,56.5
2024-12-09,09-Dec-2024,84.7305,107.8405,89.3189,56.44
2024-12-10,10-Dec-2024,84.8531,108.2793,89.6552,56.14
2024-12-11,11-Dec-2024,84.8427,108.3221,89.2947,55.91
2024-12-12,12-Dec-2024,84.8732,108.3712,89.1961,55.64
2024-12-13,13-Dec-2024,84.8411,107.389,88.7398,55.49
2024-12-16,16-Dec-2024,84.8259,107.1594,89.1769,55.18
2024-12-17,17-Dec-2024,84.9264,107.6006,89.1659,55.11
2024-12-18,18-Dec-2024,84.937,107.9408,89.2592,55.38
2024-12-19,19-Dec-2024,85.0739,107.1477,88.3595,54.83
2024-12-20,20-Dec-2024,85.088,106.2908,88.1705,54.23
2024-12-23,23-Dec-2024,85.0713,106.9295,88.781,54.32
2024-12-24,24-Dec-2024,85.1932,106.7851,88.5646,54.25
2024-12-26,26-Dec-2024,85.2684,106.9647,88.6712,54.18
2024-12-27,27-Dec-2024,85.5914,107.2055,89.1109,54.26
2024-12-30,30-Dec-2024,85.4655,107.5686,89.136,54.1
2024-12-31,31-Dec-2024,85.6232,107.4645,89.0852,54.82
2025-01-01,01-Jan-2025,85.709,107.2631,88.7597,54.51
2025-01-02,02-Jan-2025,85.7853,107.4993,88.8924,54.71
2025-01-03,03-Jan-2025,85.7598,106.341,88.1056,54.53
2025-01-06,06-Jan-2025,85.8279,106.8105,88.52,54.43
2025-01-07,07-Jan-2025,85.7191,107.4906,89.1382,54.32
2025-01-08,08-Jan-2025,85.8443,107.2052,88.8946,54.31
2025-01-09,09-Jan-2025,85.8806,105.7597,88.4731,54.3
2025-01-10,10-Jan-2025,85.8956,105.4741,88.3488,54.23
2025-01-13,13-Jan-2025,86.4368,105.0472,88.3563,54.88
2025-01-14,14-Jan-2025,86.5497,105.6512,88.695,54.9
2025-01-15,15-Jan-2025,86.5008,105.5621,89.0733,54.95
2025-01-16,16-Jan-2025,86.4854,105.6609,88.9687,55.37
2025-01-17,17-Jan-2025,86.5844,105.7138,89.0798,55.63
2025-01-20,20-Jan-2025,86.5481,105.6937,89.2051,55.42
2025-01-21,21-Jan-2025,86.5139,106.1866,89.7755,55.65
2025-01-22,22-Jan-2025,86.5661,106.7031,90.0807,55.52
2025-01-23,23-Jan-2025,86.4593,106.4798,89.9897,55.23
2025-01-24,24-Jan-2025,86.2904,107.0887,90.2149,55.59
2025-01-27,27-Jan-2025,86.4175,107.6439,90.4031,55.33
2025-01-28,28-Jan-2025,86.5358,107.6782,90.3347,55.57
2025-01-29,29-Jan-2025,86.5768,107.8493,90.3896,55.76
2025-01-30,30-Jan-2025,86.5842,107.6848,90.1821,55.99
2025-01-31,31-Jan-2025,86.6414,107.6202,90.0094,55.96
2025-02-03,03-Feb-2025,87.1162,107.049,89.2674,56.05
2025-02-04,04-Feb-2025,87.1206,108.0081,89.7011,56.11
2025-02-05,05-Feb-2025,87.2237,108.8662,90.6022,56.94
2025-02-06,06-Feb-2025,87.5617,109.3605,90.9836,57.43
2025-02-07,07-Feb-2025,87.4782,108.6858,90.761,57.68
2025-02-10,10-Feb-2025,87.5858,108.67,90.3564,57.69
2025-02-11,11-Feb-2025,86.8861,107.4086,89.5442,57.2
2025-02-12,12-Feb-2025,86.8461,108.0707,89.961,56.52
2025-02-13,13-Feb-2025,86.8822,108.5622,90.6732,56.4
2025-02-14,14-Feb-2025,86.8862,109.1221,90.8581,56.93
2025-02-17,17-Feb-2025,86.7721,109.2594,91.0262,57.21
2025-02-18,18-Feb-2025,86.9742,109.5753,90.957,57.22
2025-02-20,20-Feb-2025,86.6995,109.2321,90.4467,57.74
2025-02-21,21-Feb-2025,86.6466,109.7044,90.9108,57.58
2025-02-24,24-Feb-2025,86.6916,109.8238,91.1117,58.01
2025-02-25,25-Feb-2025,87.0022,109.925,91.1568,58.09
2025-02-27,27-Feb-2025,87.2119,110.4138,91.3126,58.39
2025-02-28,28-Feb-2025,87.4006,109.9762,90.7807,58.3
2025-03-03,03-Mar-2025,87.3314,110.069,90.9498,58.1
2025-03-04,04-Mar-2025,87.3786,110.9056,91.5885,58.52
2025-03-05,05-Mar-2025,87.0896,111.4503,92.6314,58.19
2025-03-06,06-Mar-2025,87.0859,112.3321,94.0888,58.5
2025-03-07,07-Mar-2025,87.0612,112.2201,94.1979,59.02
2025-03-10,10-Mar-2025,87.2392,112.6654,94.5528,59.06
2025-03-11,11-Mar-2025,87.3267,112.6282,94.8973,59.3
2025-03-12,12-Mar-2025,87.2605,112.8127,95.1355,58.92
2025-03-13,13-Mar-2025,87.0833,112.8141,94.7472,58.98
2025-03-17,17-Mar-2025,86.792,112.2423,94.4187,58.29
2025-03-18,18-Mar-2025,86.6705,112.4475,94.5523,57.87
2025-03-19,19-Mar-2025,86.5016,112.2779,94.4943,57.72
2025-03-20,20-Mar-2025,86.304,112.1267,94.0236,58.22
2025-03-21,21-Mar-2025,86.2184,111.4557,93.3452,57.66
2025-03-24,24-Mar-2025,85.8318,111.0166,93.0171,57.35
2025-03-25,25-Mar-2025,85.7302,110.7526,92.5875,56.95
2025-03-26,26-Mar-2025,85.8683,111.0706,92.6118,57.04
2025-03-27,27-Mar-2025,85.761,110.8592,92.4452,57.01
2025-03-28,28-Mar-2025,85.5814,110.7389,92.3246,56.75
2025-04-02,02-Apr-2025,85.6024,110.5584,92.3901,57.09
2025-04-03,03-Apr-2025,85.6468,112.1362,93.7438,58.16
2025-04-04,04-Apr-2025,85.2281,111.5295,94.3401,58.41
2025-04-07,07-Apr-2025,85.8087,110.6812,94.4605,59.07
2025-04-08,08-Apr-2025,85.9085,109.8672,94.2972,58.25
2025-04-09,09-Apr-2025,86.6171,111.1372,95.8054,59.68
2025-04-11,11-Apr-2025,86.1441,112.0057,97.1097,59.82
2025-04-15,15-Apr-2025,85.6905,113.1012,97.2073,59.89
2025-04-16,16-Apr-2025,85.6464,113.6625,97.3668,60.18
2025-04-17,17-Apr-2025,85.5703,113.1975,97.2552,59.96
2025-04-21,21-Apr-2025,85.1622,113.9465,98.0268,60.48
2025-04-22,22-Apr-2025,85.1003,114.0486,97.9788,60.66
2025-04-23,23-Apr-2025,85.4372,113.6884,97.2976,60.2
2025-04-24,24-Apr-2025,85.5085,113.5313,97.0516,59.9
2025-04-25,25-Apr-2025,85.5788,113.8244,97.1245,59.61
2025-04-28,28-Apr-2025,85.198,113.4303,96.8605,59.32
2025-04-29,29-Apr-2025,85.2005,114.2874,97.0792,59.83
2025-04-30,30-Apr-2025,85.0535,113.877,96.737,59.62
2025-05-02,02-May-2025,83.8568,111.6134,94.9483,57.74
2025-05-05,05-May-2025,84.2369,111.9267,95.4028,58.36
2025-05-06,06-May-2025,84.5436,112.3596,95.6926,58.77
2025-05-07,07-May-2025,84.5715,112.9678,96.1319,59.13
2025-05-08,08-May-2025,84.8642,112.7574,95.7568,58.8
2025-05-09,09-May-2025,85.6438,113.3998,96.2882,58.92
2025-05-13,13-May-2025,84.8888,112.0283,94.2962,57.4
2025-05-14,14-May-2025,85.2982,113.4199,95.4117,57.98
2025-05-15,15-May-2025,85.5871,113.8092,95.9939,58.76
2025-05-16,16-May-2025,85.5665,114.0299,95.9554,58.9
2025-05-20,20-May-2025,85.4582,114.2656,96.198,59.15
2025-05-21,21-May-2025,85.5546,115.1371,97.0343,59.6
2025-05-22,22-May-2025,85.6653,115.004,97.1205,59.82
2025-05-23,23-May-2025,85.6821,115.2213,96.9367,59.71
2025-05-26,26-May-2025,84.9004,115.3683,96.9093,59.52
2025-05-27,27-May-2025,85.322,115.741,97.1306,59.59
2025-05-28,28-May-2025,85.6873,115.4733,96.9072,59.37
2025-05-29,29-May-2025,85.4976,114.9407,96.2595,58.62
2025-05-30,30-May-2025,85.4778,115.142,96.9375,59.36
2025-06-02,02-Jun-2025,85.4353,115.5957,97.4156,59.66
2025-06-03,03-Jun-2025,85.4576,115.5586,97.5994,59.74
2025-06-04,04-Jun-2025,85.9579,116.1354,97.7066,59.66
2025-06-05,05-Jun-2025,85.773,116.2653,97.8916,59.93
2025-06-06,06-Jun-2025,85.7883,116.2472,98.1132,59.55
2025-06-09,09-Jun-2025,85.4984,115.9301,97.6625,59.24
2025-06-10,10-Jun-2025,85.5949,115.6153,97.613,59.24
2025-06-11,11-Jun-2025,85.4542,115.2264,97.5642,58.89
2025-06-12,12-Jun-2025,85.5353,116.0092,98.5475,59.52
2025-06-13,13-Jun-2025,86.0979,116.5593,99.3151,59.99
2025-06-16,16-Jun-2025,86.0242,116.7526,99.3958,59.67
2025-06-17,17-Jun-2025,86.0978,116.8537,99.5916,59.47
2025-06-18,18-Jun-2025,86.303,116.1759,99.3394,59.53
2025-06-19,19-Jun-2025,86.6994,116.1581,99.339,59.69
2025-06-20,20-Jun-2025,86.6133,116.6774,99.756,59.58
2025-06-23,23-Jun-2025,86.808,116.6451,99.8969,58.96
2025-06-24,24-Jun-2025,86.1043,117.002,100.0308,59.33
2025-06-25,25-Jun-2025,85.8732,117.0102,99.7646,59.16
2025-06-26,26-Jun-2025,85.7528,117.5076,100.1353,59.33
2025-06-27,27-Jun-2025,85.5594,117.5529,100.1992,59.3
2025-06-30,30-Jun-2025,85.5439,117.4683,100.4451,59.43
2025-07-01,01-Jul-2025,85.6179,117.6476,100.8476,59.58
2025-07-02,02-Jul-2025,85.6928,117.731,101.041,59.61
2025-07-03,03-Jul-2025,85.5121,116.659,100.8866,59.44
2025-07-04,04-Jul-2025,85.3886,116.7769,100.5974,59.18
2025-07-07,07-Jul-2025,85.815,116.7622,100.8629,59.15
2025-07-08,08-Jul-2025,85.7188,116.817,100.6064,58.65
2025-07-09,09-Jul-2025,85.7979,116.5765,100.5277,58.38
2025-07-10,10-Jul-2025,85.578,116.5025,100.4709,58.52
2025-07-11,11-Jul-2025,85.8536,116.2853,100.285,58.45
2025-07-14,14-Jul-2025,85.991,115.7009,100.2752,58.38
2025-07-15,15-Jul-2025,85.8262,115.3458,100.2662,58.11
2025-07-16,16-Jul-2025,85.8051,115.0521,99.7307,57.7
2025-07-17,17-Jul-2025,85.9149,114.9891,99.5588,57.77
2025-07-18,18-Jul-2025,86.2007,115.7302,100.1566,57.93
2025-07-21,21-Jul-2025,86.2248,115.8148,100.3249,58.26
2025-07-22,22-Jul-2025,86.2581,116.1977,100.8162,58.36
2025-07-23,23-Jul-2025,86.3676,116.8392,101.3576,58.77
2025-07-24,24-Jul-2025,86.3301,117.1275,101.5582,59.02
2025-07-25,25-Jul-2025,86.5247,116.7939,101.734,58.87
2025-07-28,28-Jul-2025,86.551,116.0718,101.4083,58.42
2025-07-29,29-Jul-2025,86.8417,115.7843,100.3624,58.52
2025-07-30,30-Jul-2025,87.2713,116.5305,100.7978,58.95
2025-07-31,31-Jul-2025,87.5544,116.2366,100.2486,58.85
2025-08-01,01-Aug-2025,87.3519,115.3394,99.8828,58.04
2025-08-04,04-Aug-2025,87.5018,116.2415,101.2734,59.29
2025-08-05,05-Aug-2025,87.7917,116.6202,101.4246,59.68
2025-08-06,06-Aug-2025,87.7,116.6948,101.6022,59.47
2025-08-07,07-Aug-2025,87.6945,117.2668,102.3763,59.59
2025-08-08,08-Aug-2025,87.6196,117.6649,102.0488,59.48
2025-08-11,11-Aug-2025,87.5776,117.9612,102.1715,59.35
2025-08-12,12-Aug-2025,87.6726,117.7928,101.8066,59.13
2025-08-13,13-Aug-2025,87.6956,118.4849,102.4822,59.33
2025-08-14,14-Aug-2025,87.4852,118.8195,102.3775,59.81
2025-08-18,18-Aug-2025,87.4137,118.4106,102.2653,59.29
2025-08-19,19-Aug-2025,87.1756,117.6801,101.6177,59.04
2025-08-20,20-Aug-2025,87.0919,117.5305,101.339,59.11
2025-08-21,21-Aug-2025,86.9741,116.9616,101.1967,58.97
2025-08-22,22-Aug-2025,87.4375,117.1313,101.3389,58.84
2025-08-25,25-Aug-2025,87.4174,118.2233,102.4334,59.39
2025-08-26,26-Aug-2025,87.7414,118.1081,102.0351,59.42
2025-08-28,28-Aug-2025,87.6559,118.3822,102.0087,59.53
2025-08-29,29-Aug-2025,87.8514,118.576,102.4728,59.76
2025-09-01,01-Sep-2025,88.2576,119.3784,103.4579,60.08
2025-09-02,02-Sep-2025,88.0265,119.0822,103.0162,59.48
2025-09-03,03-Sep-2025,88.107,117.7826,102.4814,59.28
2025-09-04,04-Sep-2025,88.1641,118.4344,102.7541,59.49
2025-09-05,05-Sep-2025,88.3242,118.9185,103.0849,59.59
2025-09-09,09-Sep-2025,88.1409,119.6425,103.7683,59.96
2025-09-10,10-Sep-2025,88.1252,119.2481,103.1952,59.75
2025-09-11,11-Sep-2025,88.2649,119.3253,103.1946,59.76
2025-09-12,12-Sep-2025,88.2806,119.6555,103.5961,59.87
2025-09-15,15-Sep-2025,88.269,119.6822,103.4601,59.82
2025-09-16,16-Sep-2025,88.0461,119.9787,103.7629,59.94
2025-09-17,17-Sep-2025,87.752,119.706,104.0277,59.9
2025-09-18,18-Sep-2025,88.1209,119.8344,103.9263,59.77
2025-09-19,19-Sep-2025,88.3055,119.2519,103.932,59.78
2025-09-22,22-Sep-2025,88.1447,118.802,103.4901,59.5
2025-09-23,23-Sep-2025,88.7435,119.8558,104.6605,60.05
2025-09-24,24-Sep-2025,88.7606,119.8014,104.6541,59.95
2025-09-25,25-Sep-2025,88.6696,119.3162,104.1685,59.58
2025-09-26,26-Sep-2025,88.7234,118.496,103.6183,59.24
2025-09-29,29-Sep-2025,88.7558,119.2777,104.0455,59.64
2025-09-30,30-Sep-2025,88.7923,119.354,104.222,59.91
2025-10-01,01-Oct-2025,88.6778,119.4851,104.3649,60.23
2025-10-03,03-Oct-2025,88.7775,119.3211,104.0804,60.16
2025-10-06,06-Oct-2025,88.7859,119.3259,103.986,59.09
2025-10-07,07-Oct-2025,88.7319,119.3752,103.7063,58.9
2025-10-08,08-Oct-2025,88.7903,118.876,103.082,58.24
2025-10-09,09-Oct-2025,88.7875,118.8871,103.2534,58.06
2025-10-10,10-Oct-2025,88.692,118.0136,102.6208,58.02
2025-10-13,13-Oct-2025,88.7797,118.6434,103.2135,58.48
2025-10-14,14-Oct-2025,88.7907,118.0798,102.7971,58.5
2025-10-15,15-Oct-2025,88.2898,117.9899,102.6616,58.45
2025-10-16,16-Oct-2025,87.9039,117.8762,102.4614,58.12
2025-10-17,17-Oct-2025,87.9097,118.2749,102.9827,58.66
2025-10-20,20-Oct-2025,87.7861,117.8499,102.3972,58.3
2025-10-23,23-Oct-2025,87.9474,117.3934,101.9797,57.65
2025-10-24,24-Oct-2025,87.7058,116.8498,101.789,57.33
2025-10-27,27-Oct-2025,88.0637,117.3936,102.4169,57.58
2025-10-28,28-Oct-2025,88.296,117.9623,102.9596,58.09
2025-10-29,29-Oct-2025,88.2834,116.8707,102.6771,57.99
2025-10-30,30-Oct-2025,88.6048,116.9814,102.9753,57.76
2025-10-31,31-Oct-2025,88.7241,116.6947,102.6745,57.61
2025-11-03,03-Nov-2025,88.7932,116.6974,102.4348,57.59
2025-11-04,04-Nov-2025,88.6372,116.3168,102.1384,57.72
2025-11-06,06-Nov-2025,88.6026,115.751,101.981,57.58
2025-11-07,07-Nov-2025,88.705,116.3691,102.3041,57.81
2025-11-10,10-Nov-2025,88.6761,116.6558,102.5332,57.59
2025-11-11,11-Nov-2025,88.6983,116.8044,102.5435,57.53
2025-11-12,12-Nov-2025,88.6362,116.4544,102.6431,57.31
2025-11-13,13-Nov-2025,88.716,116.3924,102.7633,57.26
2025-11-14,14-Nov-2025,88.742,116.7194,103.3188,57.44
2025-11-17,17-Nov-2025,88.63,116.445,102.7925,57.26
2025-11-18,18-Nov-2025,88.6344,116.5844,102.7828,57.15
2025-11-19,19-Nov-2025,88.4558,116.3152,102.5091,56.92
2025-11-20,20-Nov-2025,88.6915,115.8376,102.1874,56.29
2025-11-21,21-Nov-2025,88.6402,116.0791,102.3209,56.42
2025-11-24,24-Nov-2025,89.1919,116.8997,102.7824,56.94
2025-11-25,25-Nov-2025,89.2213,116.8966,102.7728,56.93
2025-11-26,26-Nov-2025,89.2649,117.7755,103.4925,57.17
2025-11-27,27-Nov-2025,89.2942,118.4166,103.6128,57.24
2025-11-28,28-Nov-2025,89.4557,118.2694,103.6309,57.2
2025-12-01,01-Dec-2025,89.7436,118.6285,104.0469,57.65
2025-12-02,02-Dec-2025,89.8887,118.7699,104.35,57.73
2025-12-03,03-Dec-2025,90.2697,119.5026,105.1022,58.02
2025-12-04,04-Dec-2025,90.1865,120.2589,105.1142,58.04
2025-12-05,05-Dec-2025,89.9238,120.0009,104.8248,58.15
2025-12-08,08-Dec-2025,90.1745,120.2146,105.1705,58.08
2025-12-09,09-Dec-2025,89.9644,119.9387,104.7563,57.66
2025-12-10,10-Dec-2025,89.8822,119.638,104.554,57.35
2025-12-11,11-Dec-2025,90.3702,120.7707,105.597,57.91
2025-12-12,12-Dec-2025,90.3883,121.0583,106.0779,58.03
2025-12-15,15-Dec-2025,90.7228,121.2117,106.4414,58.5
2025-12-16,16-Dec-2025,91.0202,121.6103,106.9506,58.76
2025-12-17,17-Dec-2025,90.3291,120.9025,105.9121,58.19
2025-12-18,18-Dec-2025,90.1303,120.4676,105.8388,57.82
2025-12-19,19-Dec-2025,90.1975,120.6494,105.6784,57.75
2025-12-22,22-Dec-2025,89.5467,119.9514,104.9153,56.91
2025-12-23,23-Dec-2025,89.8314,121.1305,105.7393,57.54
2025-12-24,24-Dec-2025,89.7703,121.3694,105.9433,57.64
2025-12-26,26-Dec-2025,89.8296,121.24,105.8522,57.5
2025-12-29,29-Dec-2025,89.9756,121.4053,105.8407,57.58
2025-12-30,30-Dec-2025,89.9429,121.5656,105.9269,57.64
2025-12-31,31-Dec-2025,89.9198,121.0237,105.5557,57.42
2026-01-01,01-Jan-2026,89.9792,121.2476,105.6915,57.42
2026-01-02,02-Jan-2026,90.1242,121.351,105.8401,57.42
2026-01-05,05-Jan-2026,90.2729,121.278,105.523,57.48
2026-01-06,06-Jan-2026,90.181,122.2139,105.807,57.65
2026-01-07,07-Jan-2026,89.9432,121.4887,105.1784,57.53
2026-01-08,08-Jan-2026,89.893,120.972,104.995,57.42
2026-01-09,09-Jan-2026,90.1395,121.0201,105.0065,57.26
2026-01-12,12-Jan-2026,90.1899,121.1695,105.227,57.08
2026-01-13,13-Jan-2026,90.2677,121.5689,105.2299,56.81
2026-01-14,14-Jan-2026,90.2016,121.1997,105.0482,56.62
2026-01-16,16-Jan-2026,90.6497,121.3147,105.2244,57.24
2026-01-19,19-Jan-2026,90.9705,121.8841,105.7769,57.64
2026-01-20,20-Jan-2026,91.0356,122.3257,106.1918,57.48
2026-01-21,21-Jan-2026,91.55,123.0347,107.3106,57.89
2026-01-22,22-Jan-2026,91.5826,122.9484,107.0552,57.67
2026-01-23,23-Jan-2026,91.6195,123.6246,107.6211,57.75
2026-01-27,27-Jan-2026,91.8244,125.6856,109.0635,59.45
2026-01-28,28-Jan-2026,91.6945,126.5946,109.9869,60.06
2026-01-29,29-Jan-2026,91.9644,127.253,110.2273,60.08
2026-01-30,30-Jan-2026,91.8983,126.3834,109.5661,59.72
2026-02-02,02-Feb-2026,91.6443,125.2429,108.5692,59.2
2026-02-03,03-Feb-2026,90.4495,123.8875,106.8558,58.19
2026-02-04,04-Feb-2026,90.4693,124.1106,107.0559,57.89
2026-02-05,05-Feb-2026,90.3957,123.0328,106.5488,57.6
2026-02-06,06-Feb-2026,90.4163,122.7431,106.6864,57.64
2026-02-09,09-Feb-2026,90.4006,123.0834,107.0458,57.77
2026-02-10,10-Feb-2026,90.5773,123.8614,107.8697,58.31
2026-02-11,11-Feb-2026,90.5675,123.8384,107.9643,59.21
2026-02-12,12-Feb-2026,90.5947,123.358,107.4459,59.1
2026-02-13,13-Feb-2026,90.7415,123.4459,107.6218,59.2
2026-02-16,16-Feb-2026,90.7125,123.7572,107.6497,59.24
2026-02-17,17-Feb-2026,90.7744,123.5706,107.5205,59.38
2026-02-18,18-Feb-2026,90.6669,122.9262,107.3901,59.09
2026-02-20,20-Feb-2026,90.9518,122.2938,106.906,58.6
2026-02-23,23-Feb-2026,90.7461,122.7444,107.3042,58.8
2026-02-24,24-Feb-2026,90.9661,122.7024,107.1562,58.65
2026-02-25,25-Feb-2026,90.9502,123.0144,107.3594,58.44
2026-02-26,26-Feb-2026,90.9072,123.2532,107.4432,58.27
2026-02-27,27-Feb-2026,90.9542,122.5408,107.3654,58.34
2026-03-02,02-Mar-2026,91.4514,122.4449,107.392,58.26
2026-03-04,04-Mar-2026,92.2828,122.8622,107.0124,58.55
2026-03-05,05-Mar-2026,91.6275,122.046,106.2635,58.31
2026-03-06,06-Mar-2026,91.6829,122.4932,106.4139,58.08
2026-03-09,09-Mar-2026,92.2639,122.9121,106.5882,58.18
2026-03-10,10-Mar-2026,92.0174,123.699,106.996,58.4
2026-03-11,11-Mar-2026,91.9257,123.6425,106.9611,58.21
2026-03-12,12-Mar-2026,92.353,123.4655,106.6197,58.07
2026-03-13,13-Mar-2026,92.4405,123.2035,106.3072,57.99
2026-03-16,16-Mar-2026,92.3966,122.3707,105.5896,57.99
2026-03-17,17-Mar-2026,92.457,122.8267,106.095,57.99
2026-03-18,18-Mar-2026,92.4514,123.6371,106.7616,58.29
2026-03-20,20-Mar-2026,93.3483,125.1564,107.9436,58.94
2026-03-23,23-Mar-2026,93.898,124.8167,108.2231,58.83
2026-03-24,24-Mar-2026,93.8792,125.8263,108.7403,59.16
2026-03-25,25-Mar-2026,93.9657,125.7631,108.9488,59.1
2026-03-27,27-Mar-2026,94.5988,126.1986,109.1594,59.26
2026-03-30,30-Mar-2026,94.6543,125.6347,109.0064,59.25
